用户编号,用户名,性别,用户等级,个性签名,会员,粉丝勋章,关注数,粉丝数
1,bishi,保密,4,,年度大会员,,5,157055
2,碧诗,男,6,kami.im 直男过气网红 # av362830 “We Are Star Dust”,十年大会员,伍千万,234,966533
3,囧囧倉,男,5,富强、民主、文明、和谐、自由、平等、公正、法治、爱国、敬业、诚信、友善。,,,116,9743
4,枢木朱雀,保密,5,,年度大会员,MuMu娘,69,4063
5,幻想乡,男,6,,年度大会员,,15,6086
6,腹黑君,保密,5,,年度大会员,亚路稽,51,4969
7,Tzwcard,保密,5,にじさんじが大好き 謝謝茄子 头像：江良ちゃん by またのんき▼先生,,水晶鞋,67,5082
8,Lizeqiangds,男,5,有空来微博找我哦 @Lizeqinagd,年度大会员,呆玄玄,68,2241
9,柴刀娘木木,女,6,ヽ(•̀ω•́ )ゝ我坚信双马尾即是正义！家里供着三坨爱宠：biubiu和皮卡丘和uid12魔熊 ！【随便水的水群号：111343151】,年度大会员,魔熊,495,45423
10,橙卡-bydmm,保密,6,Golang CRUD杂耍大师,年度大会员,,155,11881
11,春哥,保密,2,,,,0,2422
12,MagicBear,保密,6,这里是魔熊，喊我MB也可以。这个号的主人的主人是uid9 木木娘，欢迎一起关注！^ ^我们会不定时直播，直播间不是3322号就是99号。,年度大会员,MuMu娘,233,102852
13,五月天,保密,6,2024.7,年度大会员,,1,5390
14,初音ミク,女,4,2020-09-15 已考古人数 363 ～(￣▽￣～)~,,,1,5269
15,三分之一劫,保密,3,乏善可陈的自我绝望,年度大会员,,19,2421
16,荼荼丸,男,6,彳不亍,,,9,86468
17,WEIghtness,女,6,包括但不仅限于“活了”，“考古”，“不要考古”等无意义评论会被删除并拉黑。,,爽粉,264,2923
18,暁の赤月,男,5,YUI ~にゃん~,年度大会员,,53,9119
19,大大大罐头,男,6,来考古的留步一下了解下铃木实里啊，谢谢！,年度大会员,,357,7023
20,恶魔晓月曲,保密,6,你可以在很多地方看到我。,年度大会员,大母鹅,72,6323
24,不思議,男,6,No Music No Life.,年度大会员,XZ黑,147,5519
25,忙碌的呆瓜,保密,4,2021.8.9,,,2,1316
26,En1ightened,保密,5,漫天的我滴到地上 树种的我发芽了，而你在想着我。,,千千莫,99,396
27,feng,保密,2,,,,0,608
28,IamLogos,保密,3,,年度大会员,,0,227
29,管理員,保密,3,***************,,,0,244
30,堆堆堆堆堆堆堆堆堆堆,保密,5,不卖号别问了 球球你们,年度大会员,,59,322
31,習子,保密,4,,,,0,184
32,一条黑黑,男,6,小朋友们，别考古了。,大会员,,211,754
33,番茄,保密,4,,十年大会员,,28,372
34,右肩の蝶,保密,4,别问，活着,年度大会员,砂锅鸡,3,218
35,愛在二次元,男,6,絢辻さんの下僕です。,,PixeI,27,684
36,芙兰朵露斯卡雷特,保密,2,愛在二次元,,,1,366
37,折射,男,6,Up主≠作者，除非标明原创的投稿，其余搬运类视频询问事项不予以回复，请各位知悉。,年度大会员,,49,16329
38,玛奇玛,保密,6,,年度大会员,嘉心糖,913,8359
39,胡桃,保密,4,别问.活着.不卖.偶尔上. 顺带，不玩原神。视频没删留个纪念,年度大会员,嘉心糖,109,1831
40,美丽生活观察员,保密,3,,,,0,413
41,不祥之赵,保密,5,,,,1,332
42,超氪金月饼,男,4,还没开饭？,,,21,165
43,绞水,保密,5,三分之一劫,年度大会员,氵君,4,715
44,MissuQWQ,保密,5,晚风中闪过 几帧从前啊。 ,年度大会员,,13,238
45,宠物店女孩,保密,3,这个人没有简介一定很不简单,年度大会员,小小华,1,178
46,藤原妹红,保密,5,额,年度大会员,,135,741
47,homil,保密,6,栖息着双份灵魂,年度大会员,,366,153
48,钦崽,保密,2,,,,0,145
49,家具屋,保密,2,,,,0,127
50,風見幽香,保密,3,qwq        再看就把你做成花肥,,,2,187
51,PAD长的小刀,保密,5,求米,,,18,294
52,RinNe,保密,5,,年度大会员,,17,124
53,铃仙_,保密,1,,,,0,120
54,菜刀武士,保密,4,,,,61,119
55,普拉切特,保密,5,,年度大会员,,1,111
56,雷小囧,保密,5,,年度大会员,,12,102
57,幕后Muhou_net,保密,3,欢迎和我一起在B站学习~,,,49,1309
58,满座衣冠皆老朽,保密,4,满座衣冠皆老朽,,,27,104
59,sihua-w,男,3,--,,,1,156
60,钉宫理惠,保密,5,ぺったん、ぺったん　ツルペったん,年度大会员,,6,831
61,时雨kana,保密,5,万华镜的世界...,年度大会员,,172,121
62,normguy,保密,4,一介俗人,年度大会员,,51,172
63,法国元帅贝尔纳多特,保密,5,本号qq2827239426,,天欲雪,206,118
64,***,保密,5,,,,237,531
65,琪露诺,男,6,,年度大会员,努力的,418,1957
66,IZONE我的世界我的光,男,4,IZ*ONE和WIZ*ONE，在平行宇宙里，Forever！考古的小伙伴也喜欢IZONE的话，可以通过UID954找到我。,,,0,340
67,亜理须,保密,3,密码总是想不起来…,,,6,107
68,安心作梦,保密,6,https://share.weiyun.com/olKAYO9E　解压码jealousymakesmegotohell,,,0,11753
69,是我阿崔,女,4,有事请找关注列表大号：祢豆子        qwq                      好耶qwq,,欧皇,12,258
70,伊拉龙,保密,5,,年度大会员,,49,188
71,時間の旅人,保密,6,上岸上岸,年度大会员,莎河粉,1955,273
72,岑,保密,1,,,,0,89
73,wei1kuan2b,保密,2,没得手机绑，不让回私信，还活着，么么哒,,,7,88
74,魂魄妖奕,保密,5,,年度大会员,局花,147,110
75,丸子,男,6,团队型日更UP主播 稿件查看更多往下看 ， 商务合作的话请私信,百年大会员,云丸家,307,977715
76,高桥凉介,保密,5,,年度大会员,,9,147
77,PAD,保密,5,,,,4,166
78,雾雨魔理沙,保密,2,,,,0,352
79,saber酱,女,6,个人微博：http://weibo.com/saberchanchan/,,,0,176149
80,囧.史密斯,男,5,bilibili 不知名来得早UP主,年度大会员,,122,302
81,Cyberdreams,保密,5,,,,170,182
82,梦游一生,保密,3,号找回来了，还是恢复这个号这么多年来平平静静的状态吧，删掉这些纷争只是想回归从前，不是怕某些人，就这样吧，谢谢大家。,,,226,289
83,妹樣,保密,2,,,,2,356
84,jianjss,男,5,,,≧ω≦,76,113
85,kikb,保密,5,,年度大会员,,601,280
86,油条のetsp,男,6,1234,年度大会员,光之,92,61
87,一个普通中年人,男,6,听老人的话/和年轻人在一起,十年大会员,小小华,3,22621
88,监督,保密,2,,,,0,139
89,水银灯の忧郁,保密,4,别问.活着.小号.不卖.偶尔上.,,,4,153
90,此號出售,保密,3,性感账号，在线出售，如有需要，出门右转联系UID91,,万能型,3,318
91,万能貳濕仁波不切,保密,5,“Frankly  my dear  I dont give a damn.” ,年度大会员,,4,10799
92,kaze,保密,1,,,,0,81
93,病院坂琉璃,保密,6,,年度大会员,薇薇宝,136,96
94,NEKO-MIMI,保密,6,别问了，不卖号！,年度大会员,娜妮,218,516
95,小狗,保密,5,此账号已被封禁,年度大会员,,71,1165
96,辛德瑞拉,保密,6,不卖谢谢,年度大会员,乙民,173,126
97,投影消逝中,保密,6,weibo.com/naimensoliton 转眼三年三年又三年,年度大会员,果冻糖,47,15271
98,黑暗新星,保密,5,( ),,谜酥,43,172
99,园长豆豆,保密,5,,年度大会员,,12,1444
100,安迪日宫,保密,4,别盗我号好吗！QAQ我是活人！,,,2,711
101,不舍一切有情,保密,6,这么在意我不好吧？,年度大会员,异组,57,133
102,工藤新一,男,6,真相永远只有一个,十年大会员,,2000,195
103,捌玖君,保密,3,没卖号,,,0,634
104,悲剧虎,男,5,谁还记得当年发cos资源的dachong吗,,大霓奈,702,102
105,树叶渡江,保密,3,一只快乐的老咸鱼,年度大会员,心灵酱,22,60
106,四宫辉夜,保密,5,真是可爱呢～,年度大会员,辉夜,41,368
107,鹅厂,保密,4,伟大始于渺小,,,131,49
108,7achibana,男,6,少女折寿中…(´-ωก`)  活着！不卖！谢谢～  こんな自分に未来はあるの、？ こんな世界に私はいるの、？,年度大会员,本気組,681,234
109,hank,男,6,因为有梦，所以更强。,年度大会员,,432,120317
110,正版公安民警,保密,4,Don't you give up on me. ,年度大会员,,5,217
111,霸道总裁的绝世小受,保密,5,斯人若彩红遇上方知有;,十年大会员,三无,971,155
112,曾伽,男,6,,年度大会员,魔熊,118,704
113,Mai-k,保密,5,,,,265,65
114,水水,保密,6,,年度大会员,,150,147
115,Tr.,保密,6,,十年大会员,財布,73,111
116,ひろすえ涼子,保密,5,,年度大会员,陆夫人,182,1079
117,孤独求败,保密,2,,,,0,39
118,asura,保密,5,,,,51,1
119,狂气的芙兰,男,6,一日小明行至星光学院见一金发大眼挡在路中，小明定睛观瞧，此人右手饭勺木纹匀细有海苔味，身披星光学院校服头顶红色蝴蝶结，内衬天使软糖内衣脚蹬白色练功靴，腰间消防斧发出淡淡光芒，小明见罢心中暗想:此人莫非,十年大会员,財布,54,3650
120,AJYQZM,男,4,,年度大会员,,1,5
121,風紀子,保密,2,,,,0,1
122,鸽鸽汁,女,5,,大会员,,143,166
123,莫眠俱乐部,保密,3,,年度大会员,,19,214
124,ImLogos,男,4,,年度大会员,,9,32
125,黑暗有光,男,2,,,,0,100
126,PandeaWork,保密,6,http://weibo.com/1930371687/ 渣浪微博求围观求粉,年度大会员,药宝宝,65,9338
127,shmily,保密,5,,,,369,155
128,飛走dē緈輻,保密,5,,,,177,95
129,pac,保密,6,,年度大会员,,607,80
130,bambool,保密,5,,大会员,,10,169
131,音無薫,女,5,一个希望过平静生活的普通家庭主妇,年度大会员,小高粉,194,1023
133,越宅越健康,保密,4,,,,0,31
134,1怪物1,保密,5,你以为我是谁？,年度大会员,亚路稽,186,92
135,伊吹西瓜_,男,5,meaqua！,年度大会员,財布,106,46
136,外媒,保密,6,,十年大会员,正常,385,4761
137,泥棒,保密,5,,,,200,39
138,Cityhunter,保密,4,,,,0,1063
139,山德士的诅咒,保密,6,,年度大会员,,125,64
140,peshing,保密,5,,年度大会员,,61,35
141,柒柒,保密,1,,,,0,29
142,河蟹股份有限公司,保密,1,,,,0,26
143,南斗马春花,保密,6,你听过侠客立的故事吗？,年度大会员,努力的,280,37
144,⑨,保密,5,幻想乡没有巴士,,文明人,234,113
145,坏人蛋,保密,4,,,,26,30
146,吃手指的葱h,保密,5,,年度大会员,,142,207
147,克洛塞斯,保密,6,…… ,年度大会员,,41,61
148,uid_148,保密,2,,,,0,29
149,菲娜哈特曼,保密,5,良好人生_,年度大会员,揪米,107,1487
150,so,保密,2,,,,0,100
151,小熊,保密,5,不是知名UP 不要@我 社畜画手一名。 半次元：Terrybear,,,104,122
152,日山晴萃,保密,6,让 一 切 都 回 归 到 无     ...,年度大会员,召唤师,66,42
153,某一,保密,6,OH，看在上帝的份上，别再追问我头像的事了，我的伙计。,年度大会员,光呆,65,666
154,悠悠,保密,1,,,,0,27
155,紫血崎,保密,5,直播弹琴的，比较胖的那种,年度大会员,老车神,634,3731
156,Zombie,保密,1,,,,0,28
157,路过的人称路人,保密,6,,年度大会员,,277,73
158,伊吹⑨萃香,保密,5,,年度大会员,老菊,21,179
159,黄泉之水,男,6,珏了,年度大会员,芸兔崽,34,114145
160,博丽灵梦,女,6,哔哩哔哩乾杯！,年度大会员,氪长,60,1790
161,此处青空,保密,2,,,,0,41
162,寂寞寂静岭,保密,1,,,,0,27
163,gaomutian,男,6,,年度大会员,首陀罗,1617,242
164,绫波丽,保密,2,,,,1,45
165,长门有希,保密,5,,,,156,87
166,古赫,保密,6,原来个人签名是在中心主页写啊~难怪之前找不到！o(￣ヘ￣o＃) ,年度大会员,天琪,379,1762
167,雾雨魔理沙_,保密,1,,,,0,28
168,海马,保密,5,,,,44,30
169,碇真嗣,保密,2,,,,10,45
170,71827,保密,6,,,推销员,25,28
171,灵乌路空,保密,2,,,,0,47
172,神尾观铃,保密,2,,,,0,28
173,莉露兜,保密,5,跟SCP173 没关系哈！~,年度大会员,,53,163
174,女友成堆,女,3,好耶qwq,年度大会员,心灵酱,2,34
175,谁家的胖贝贝,保密,5,虾哩虾哩٩(˃̶͈̀௰˂̶͈́)و艹,年度大会员,,0,131
176,无核,男,6,,年度大会员,老菊,2000,111
177,SkyFlian,女,5,,年度大会员,,62,3
178,逆天之龙,保密,5,,年度大会员,素豆豆,201,28
179,琪露诺_,保密,5,,,,47,50
180,Eougen,保密,5,,十年大会员,,31,55
181,崩坏の世,保密,5,,,,25,15
182,蒲妮惠,保密,5,,,喵球,212,70
183,SLPFRT,保密,4,,,,141,33
184,风颜枫雨,保密,6,,年度大会员,,402,34
185,蓝莓,保密,4,-。-,十年大会员,没蓝,94,3107
186,馬鹿9,保密,4,AC在爱一直在,,,4,244
187,猎手,保密,6,,年度大会员,,327,31
188,微博无敌,保密,6,你撩头发就撩头发，你撩我的心干什么……,年度大会员,,58,1340
189,彭薅仁,男,6,我们不用很麻烦很累就可以投币！,年度大会员,,388,28
190,狐狸,保密,3,,,,3,48
191,驱逐雪风,保密,6,左雪风右雷酱，冷门游戏爱好者,年度大会员,芒果冰,1994,324
192,战场原黑仪,保密,3,只是一个用手机听小松未可子radio才登录的小号而已,,,10,52
193,fooou,保密,2,,,,0,11897
194,亞白ミナ,男,4,Hay un mundo mejor  pero carísimo.,,,34,47
195,衤叉衤叉,男,4,,年度大会员,,3,0
196,间岛淳司,保密,6,,年度大会员,嘉心糖,1995,144
197,上甘玲Official,保密,6,现接歌词翻译/漫画汉化/插画绘制，详情私聊/头像是花园鳗/音质问题欢迎私信/夜でもこんにちは！杂食系游戏&绘画主播，上甘玲です！,,大米缸,117,4198
198,看到这个网站我心神不宁,保密,1,,,,0,27
199,香霖test,保密,2,,,,7,33
200,回音山,男,4,,,,68,42
201,圈圈圈圈九MKII,保密,5,咸鱼型圈九MKII,,养兔员,102,198
202,ACFUN,保密,2,天下漫友是一家 （个人小号,,,1,94
204,伊吹萃香,保密,6,,,,117,76
205,二階堂サキ,保密,5,,年度大会员,电音,4,0
206,南海八爪鱼,保密,5,,年度大会员,,45,29
207,某喵,保密,6,你要问我玩游戏是为了赢还是为了开心，那我当然说为了开心。那么问题来了，不赢哪来的开心。,年度大会员,,601,42
208,哔-,保密,2,,,,0,25
209,DepXe,保密,4,操纵进度条傲娇程度的能力,年度大会员,,2,2366
210,四处闲逛的黑猫,保密,1,,,,0,28
211,寒蝉,保密,6,祝福天下的学子们都能够考上自己心仪的211大学！,十年大会员,,126,2118
212,Akatsuki_Satoru,保密,5,bilibili动画（笑）,,雪姫民,39,31
213,泪目了,保密,1,,,,0,28
214,AcFun_,保密,2,HK97已经被删掉惹,,,2,98
215,孤独灿烂的神z,保密,3,,,,13,27
216,中年婦女之友,保密,5,AC在 爱一直在,,,59,30
217,TKHS,保密,5,Every year counts.,,,13,25
218,遠山遙,保密,5,,年度大会员,,322,48
219,我是弱气受,保密,1,,,,0,23
220,比灰更灰,保密,5,这个人是个悲剧,,,57,49
221,哔-哔-哔-哔-哔-,保密,3,,,,30,36
222,虞鸮,保密,5,,年度大会员,,8,30
223,小乔流水人家,保密,5,叹思之不畅，萌人所未及。,年度大会员,沙拉,504,33
224,相会在宇宙,保密,5,Chill。。。,,,55,26
225,四次君,保密,2,,大会员,,0,29
226,死鸟,保密,4,世事如棋，乾坤莫测，起肖英雄,,,69,307
227,LV包,保密,1,,,,0,28
228,轻音部,保密,1,,,,0,26
229,Sad_Panda,保密,5,,,,88,76
230,葉月しずく,男,6,一个废宅与猫，无产阶级，PC游戏狂热玩家【猫群：201757020】【分享个人与猫的日常，随缘更新游戏视频】,十年大会员,廢喵,146,8439
231,小隐,保密,3,据说贫乳贴着墙走不会引到怪.,,,3,27
232,一九桑,保密,5,,,,504,36
233,恺朔,男,5,为何不做一个有趣的人呢？,大会员,,76,709
234,Bili_234,保密,1,,,,0,62
235,魔理沙,保密,1,,,,0,39
236,蓬莱山辉夜,保密,6,永远と须臾の罪人,,战姬众,188,182
237,痛くてたまらない,保密,2,,年度大会员,,473,24
238,ljl2952655,保密,5,,,,52,25
239,古手梨花,女,5,实况主→キヨ×レトルト 日本top4 既然你发现了这里，那就看看置顶和收藏夹吧！,,絆愛er,15,82
240,流浪De囧囧,保密,3,我流浪，我囧,,,0,26
241,暗林,保密,6,,年度大会员,,262,50
242,茶,保密,6,AKA硬币收割机。正经的欧皇和不正经的福利UP主。,年度大会员,青花茶,60,1409
243,GOKURAKU,保密,6,( ｡ớ ₃ờ)ھ,,活佛,1,960
244,翠星石,保密,6,,年度大会员,,104,77
245,稀土部队兵,保密,2,,,,0,79
246,gchxp,男,5,,,召唤师,131,50
247,Daddy兔,保密,4,UID:247,年度大会员,,43,42
248,雪代すずの,保密,6,好无聊,年度大会员,暗精灵,91,62
249,真无翼天使,保密,6,见证一切，从一切的开始到结束的那一刻。,年度大会员,飓风,248,57
250,farisnyannyan,保密,4,,,,14,168
251,kasim,保密,1,,,,0,28
252,鞭笞者克尔苏,保密,3, 强大的内心可以降低每分钟心脏搏动次数。,,热心,291,25
253,MOE啾,保密,1,,,,0,23
254,焼きだんご,保密,4,,年度大会员,,8,29
255,路人甲,男,5,,,,524,59
256,推到魔理沙,保密,4,,,,1,23
257,星界p,保密,6,ammp 忙成狗,年度大会员,JK兔,224,781
258,東方爺們鄉,保密,2,,,,0,30
259,家有黑喵的雨,保密,5,人参负犬…………一只超粉上野树里的***单身人生负犬,年度大会员,C酱,111,29
260,netlater,保密,5,,年度大会员,,67,24
261,四十七,保密,5,,年度大会员,,22,24
262,ChaosLee,保密,4,,,,30,33
263,千草樱,保密,1,,,,0,22
264,大姨妈中,保密,3,,,,8,23
265,深夢,保密,4,❤️,年度大会员,小雅迷,151,24
266,ac大姨妈,保密,2,,,,0,20
267,bili_267,保密,5,,年度大会员,,9,35
268,Rahshcnail,男,6,,年度大会员,王牛奶,486,938
269,翟南,保密,2,,,,0,22
270,衰落,男,4,,,,68,22
271,loosey,保密,5,,年度大会员,,54,29
272,睚眦,保密,3,,,,7,20
273,苍火黑白Channel,保密,6,旧日支配者系个人势vup，課金戦士天井Man，远古白河豚。立绘画师：银silver（pixiv ID：192782）,年度大会员,,90,5268
274,ccred,保密,1,,,,0,21
275,Dcore,保密,5,,,,13,22
276,卡仕柏·海克梅迪亚,保密,6,,年度大会员,大可愛,277,108
277,桜雨キリヱ,保密,6,午时已到,年度大会员,,87,33
278,bili_278,保密,5,,年度大会员,茄子,119,49
279,华尔兹,保密,6,,,M院长,278,27
280,黑之契约者,保密,1,,,,0,24
281,博麗靈夢,保密,6,~♪,年度大会员,,18,222
282,善恶的彼端,保密,5,,年度大会员,平家人,173,27
283,青子一生推,保密,4,,,,46,32
284,奥术飞弹雕文,保密,1,,,,0,123
285,wingzero,保密,5,,年度大会员,,59,289
286,中野梓,女,5,,年度大会员,湊阿夸,75,90
287,SXDHK,女,6,如果能選的話： 瑪琳是靈魂配偶， 彗星是小惡魔姨子， ココ是玩一輩的死黨。 某些皮套人團隊好噁心。,,Wind,240,1191
288,悲鸣者,保密,2,,,,0,39
289,悠久之里,保密,6,比拉拉人还要过气,,吃梨子,237,68
290,清音,保密,2,,,,0,27
291,电鳗娘,保密,1,,,,0,29
292,GaleX,保密,1,,,,0,23
293,菲林,保密,6,实习魔法师,年度大会员,制冷,564,25
294,诺诺莉莉,保密,4,新年快乐,,,7,44
295,Nc32,保密,5,,,,40,29
296,湊メメメ,保密,2,,,乙民,1,21
297,情书可曾可书情,男,2,,,,3,10
298,Tsubasa阿翼,保密,4,业余写手/游戏搬砖狗/跑团人/自由摄影师,,,105,109
299,鬼畜亿千万,保密,3,,,,2,27
300,园长柯基,保密,3,不吃饱怎么有力气蹦跶呢,,,20,56
301,流冥,保密,5,,,,32,50
302,早期测试账号,保密,5,,年度大会员,,208,25
303,三吉鬼,保密,4,,,,0,20
304,滅,男,5,我既优雅又充满良心！,年度大会员,,172,42
305,寂寞娘,保密,3,,,,1,18
306,11,女,5,,年度大会员,,94,119
307,苍紫,保密,5,,,,74,19
308,不安之风,保密,2,,,,0,22
309,jiee,保密,2,,,,0,158
310,爱生活爱百合,保密,6,我喜欢默认头像..,年度大会员,財布,109,90
311,忘却の旋律,保密,6,,年度大会员,,108,346
312,IamR,保密,5,男爵闻汝来，摆好昆特牌,,REFLEX,304,57
313,bili_313,保密,3,,,,0,20
314,食运工口魔,保密,1,,,,0,39
315,6wingangel,保密,4,,年度大会员,,53,24
316,終音ヨル,保密,1,,,,0,22
317,嘉晚果丹皮拉,保密,6,いつもニコニコあなたの隣に這い寄る混沌、ニャルラトホテプです,年度大会员,嘉心糖,98,42
318,喵喵咪,女,5,,,卡菈,12,46
319,V爺,保密,5,你来啦  一起玩游戏鸭ξ( ✿＞◡❛) 小红书同名·工坊Verxxxca,年度大会员,睡睡团,58,10773
320,黑耀石,保密,5,,,,0,0
321,你永远不会变,男,4,一切都凝结,,,117,34
322,bili_322,保密,5,,年度大会员,超萌哒,261,23
323,statics,保密,5,,年度大会员,,65,24
324,废墟,保密,1,,,,0,23
325,北上双葉,保密,5,,,二次元,42,82
326,伪娘的爱人,保密,5,,年度大会员,,73,143
327,新华里艳舞员,保密,6,,,金皮卡,20,25
328,id328,保密,5,I just want to be happy,,,108,69
329,五代,保密,6,,年度大会员,谐会,39,98
330,櫻乃風,男,6,魔法使いです~！！,年度大会员,,90,57
331,水如影,保密,5,你走在黑夜里，也走在星辰里，月亮知道你的目的地。,年度大会员,乐浪行,974,136
332,F,保密,5,,,,87,37
333,香風玉青,保密,5,,年度大会员,天涎,53,58
334,影子猫,保密,5,,,,69,26
335,彼岸,保密,5,我的uid没啥好看的啦,,,5,77
336,杨帆,保密,6,小业靠智，大业靠德,年度大会员,脑放君,551,132
337,Aqua,保密,2,,,,166,24
338,你妹,男,5,空空如也,年度大会员,小呦西,806,97
339,blun--,保密,4,别搞我的号了拜托，ID都被搞没了。,,,4,23
340,淚時雨,保密,5,http://music.163.com/#/user/home?id=66173461,,摇曳曼,133,51
341,八云紫,女,5,,,,1,255
342,紧到睡不醒,保密,6,拍照的. weibo. ___smoKer,年度大会员,,82,74
343,格蕾希尔,保密,5,,,,26,30
344,KDConan,男,5,,年度大会员,粉丝团,5,28
345,いたずらしじゃうう,男,6,励志把所有D过的2dvtuber捏成3d的，狗头~~~~,年度大会员,储备娘,212,52
346,夜夜月圆圆,保密,5,,年度大会员,,103,29
347,活尸化酸奶,保密,4,,,,8,35
348,挖坟挖坟挖,保密,6,FGO FF14玩家，B服 100 121 240 414,年度大会员,棍宗,213,1492
349,传说中的懒人,保密,6,懒就一个字，我只说一次,年度大会员,,73,41
350,Kresnik_Mk-XII,保密,5,500人委员会,,,70,908
351,bernkastel,保密,5,,年度大会员,,69,34
352,DNA,保密,6,乱刻收费~,年度大会员,摸鱼皇,196,277
353,hare,保密,3,,,,4,24
354,ZUN,保密,3,,,,13,38
355,wangchao,保密,5,,年度大会员,鬼斯通,259,27
356,西行寺-幽幽子,保密,5,,年度大会员,真菜呀,35,42
357,赤色孤狼Miruacle-,保密,6,,年度大会员,呆魔王,85,229
358,欺诈师の微笑,保密,1,,,,0,22
359,睡懶覺的小貓,保密,4,联系QQ  shroomish@xloli.net ,,,4,27
360,34789,保密,5,,年度大会员,婆罗门,99,38
361,GP—01,保密,5,,年度大会员,,38,37
362,蒜蓉大蚝,保密,6,,,,78,186
363,室长,保密,6,=_=主要直播战地系列游戏，广州人，说普通话不标准，见谅.,年度大会员,大米缸,379,816
364,菲社长,女,5,C.A.V.U,,小饱儿,80,2393
365,邪恶的半自动洗衣粉,保密,5,深渊里的洗衣粉,年度大会员,,37,100
366,我爱罗,保密,5,,年度大会员,,303,116
367,blankaesop,保密,3,,,,1,227
368,天朝绿坝娘,保密,3,,,,39,30
369,福耳,保密,5,账号不卖,年度大会员,开夜车,45,400
370,Uee,保密,5,,,,1,20
371,堀葉,保密,4,十年东方人，千年东方魂,年度大会员,,7,214
372,IBN5100,男,5,京阿尼挺住！,,,85,577
373,hatsune,保密,1,,,,0,23
374,三菜一汤,保密,3,来了老弟！,,,2,76
375,普拉斯卡特,保密,5,好吃的好玩儿的！！,大会员,独角獣,401,25
376,TDG四次君,保密,1,,,,0,20
377,AcFun活动,女,4,不是官方哟 (＾o＾)ﾉ,,,44,57
378,naggerok,保密,5,,年度大会员,心心梦,18,35
379,masaki,保密,4,,,,50,20
380,newround,男,6,求五星礼装,年度大会员,岚票,413,31
381,peps,女,6,一般河豚,年度大会员,,393,42
382,killbeliar,保密,5,,年度大会员,,75,25
383,gogo果酱,保密,5,,,,4,23
384,BeinL,保密,2,,,,0,22
385,CarlJohnson,保密,5,DD,,NekoMM,57,34
386,某七,保密,5,,年度大会员,又见,178,52
387,謃詑,女,5,这屑站还真是不忘初心，吃相难看，天天首页推一帮恰烂钱的啥B玩意，黑名单都不够用，这屑站啥时候倒闭啊，等着喝喜酒呢,,,12,20
388,深白色の愛,保密,5,,,,45,28
389,野中萌好蓝,保密,6,,大会员,装机猿,71,31
390,Alice丶洛,保密,1,,,,0,23
391,若水恨水,保密,6,,年度大会员,屡游团,213,43
392,面条,男,6,noodle 职业音乐游戏制作者，游戏策划，音效制作。MUSYNC/MUSE DASH官方关卡设计,年度大会员,推销员,249,251
393,sinqi,保密,4,,,角蛙,12,28
394,茄子零,保密,5,这个人很神秘，什么都不想写,大会员,,136,45
395,温迪妮,保密,6,weibo.com/coffeekizoku 微博求粉（滚来滚去）。【水群】44583860可拖去日麻,,,6,62959
396,躺尸多年账号,保密,3,,年度大会员,,19,28
397,acianolc,保密,5,,,,141,24
398,囧神star,男,6, 宅不斷，腐不絕，萌不滅，控不停，乃成神之路,年度大会员,小水坑,1988,80
399,orz,保密,5,,年度大会员,观察者,58,36
400,霊乌路空,保密,5,如果你觉得你的祖国不好，你就去建设它 ,,,183,640
401,约修亚,保密,5,,大会员,伯爵,65,45
402,泷arisa,保密,6,茄茄！,年度大会员,,17,2764
403,連鎖,保密,6,You don't have permission to access this page.,年度大会员,,0,546
404,BlackTeaice,女,5,您所点击的空间无法访问，请狂点alt+F4射射,,,43,278
405,西行妖,保密,4,,年度大会员,,72,26
406,铁乌鸦,保密,5,on my way,年度大会员,,30,688
407,デジコ,保密,5,,,,0,86
408,谷川空老师,保密,5,,,,282,30
409,拙者,保密,6,,年度大会员,帅Pi,112,194
410,糸色望,保密,1,,,,0,20
411,小白,保密,1,,,,0,30
412,爱丽丝莉莉姆,保密,6,...........Si？,年度大会员,狐之火,681,45
413,达达,保密,5,,,,171,23
414,jackyhuang,保密,6,HAHAHA,年度大会员,生放送,78,62
415,燃尽の祭司,保密,6,人生混乱…,,像素子,530,40
416,Oblivion,保密,6,,年度大会员,男女男,170,115
417,星屑MKIII,男,5,,,,252,66
418,凉风,男,2,,年度大会员,,6,98
419,树海,保密,4,感谢真爱粉们的关注。,,,19,38
420,东方症候群,保密,5,,年度大会员,,8,25
421,美纱,保密,4,喵,,,32,34
422,TDGUP主,保密,1,,,,0,62
423,sola,保密,5,,年度大会员,,181,43
424,吹喜,男,5,,,,4,20
425,KILLER,保密,2,,,,0,21
426,藤__夏樹,保密,5,人体炼成中…   ※不加直播公会,,,146,1025
427,没名字,保密,5,,,,1,26
428,芙芙炭,保密,5,举杯邀明月，对影成——很多很多人。,年度大会员,猫耳,308,405
429,紳士提督firecat,男,6,萌/声控/imas千枝P/猫奴/D4DJ/赛马娘,年度大会员,,1888,160
430,十凌十,女,4,,年度大会员,宫本绘,90,137
431,米米,保密,4,是个活人。,,,75,28
432,Death,保密,1,,,,0,20
433,借落子_,男,5,,,,21,27
434,雨時々微熱,保密,1,,,,0,19
435,不是游客,保密,5,,年度大会员,,53,39
436,海星参上,保密,6,爱老婆芽芽,年度大会员,JK兔,49,39
437,藍藍路食品有限公司,保密,5,,大会员,,17,33
438,閃電華爾滋,男,6,UID438的活化石追新番还真是抱歉了啊、,年度大会员,吉祥草,76,434
439,loves7,男,5,我不做那珂酱的粉丝了,,,51,24
440,凌十陵,保密,5,什么都没写,年度大会员,救世军,67,926
441,二弍贰两,保密,5,,年度大会员,,358,21
442,夏娜,女,6,无路赛无路赛无路赛,年度大会员,,92,85
443,Bili_443,保密,3,,,,7,17
444,独角兽,保密,3,,大会员,,90,68
445,花花,保密,5,,,,13,30
446,TEMP,保密,3,,,,1,19
447,大鸟Birdy,保密,3, 微博 http://weibo.com/BiggerBirdy,,,2,21
448,守矢神奈子,保密,5,,年度大会员,,31,17
449,我这个名字6硬币,保密,4,Σ つ•̀ω•́つ动感光波哔哔哔哔哔-=≡!!!,年度大会员,,34,48
450,Red_450,保密,6,放肆！交出450元我们就可以做朋友！微信：cakiihana,年度大会员,,540,414
451,諫山黃泉,保密,5,道路漫漫 与子携行,,Rage,56,352
452,FH,保密,1,,,,0,173
453,saber,保密,6,,年度大会员,,330,81
454,不及格大法师,保密,5,在永恒的宅邸，拉莱耶中，长眠的克苏鲁候汝入梦。 Ia！Ia！Cthulhu fhatgn！,十年大会员,家里穷,79,55
455,老素机,男,3,我开始方了,,逸国,17,131
456,淡淡的便意,保密,5,,,,123,245
457,叉腰肌KMGmai,男,6,沉迷游戏无法画图，不定期投稿。微博ID：叉腰肌KMGmai  P站id=686515欢迎关注,年度大会员,,300,409
458,红法师,保密,5,,年度大会员,风人院,175,22
459,萝卜,保密,1,,,,1,28
460,露西法,保密,5,,年度大会员,,51,23
461,灞波儿奔波尔灞,保密,4,,,,213,224
462,我是来围观的,保密,4,,,,55,120
463,綠藥貓Eisuke,男,5,陰キャ,大会员,光呆,271,26
464,青年小伙子之青年,保密,5,于是 在回家的路上 我们愉快地聊着这件事,,,3,1919
465,委琐塑料,保密,5,,,,10,27
466,shiftzhm,保密,5,,,,57,95
467,OZ.,保密,6,,年度大会员,satori,162,37
468,噩梦,保密,1,,,,0,20
469,WindForce,保密,2,,,,0,17
470,Careless,保密,6,需要个鬼的签名,,牛肉,79,36
471,saya,保密,0,,,,0,24
472,stormcy,保密,5,,年度大会员,,101,23
473,梅粮新,男,6,只是一个兴趣使然的音乐人罢了   微博@梅粮新 群：313900287,年度大会员,,519,2366
474,min姬,保密,3,,,,0,18
475,伊原六花,男,6,蛙蛤蛤蛤蛤。,年度大会员,好绿啊,112,118
476,吃我大X棒啦,保密,5,,年度大会员,,177,27
477,博雅灵梦,保密,5,东方一生推,,,74,54
478,SOSG废铁,保密,2,,,,3,36
479,破风吟者,保密,5,,,,75,36
480,Bili_480,保密,4,,,,6,865
481,bili_481,保密,4,,,,14,18
482,掠影,男,6,简介是什么鬼,年度大会员,推销员,507,547
483,ポケモン,保密,1,,,,0,46
484,DPS比治疗低,男,5,我只是个看客,年度大会员,大米缸,119,64
485,八云,保密,6,,年度大会员,,61,25
486,幻想乡之王,保密,1,,,,0,35
487,呀达,保密,1,,,,0,18
488,青鸡丝干,保密,4,,,,0,18
489,冰水,保密,4,,,,1,36
490,linchen,男,5,,年度大会员,,31,18
491,失利,男,4,,,,66,18
492,ANA,保密,3,,,,0,11515
493,迪卢木多·奥迪那,保密,5,,,,9,56
494,ark,保密,6,,年度大会员,,28,18
495,剑归,保密,4,这个人很神秘，什么都没写,年度大会员,,52,18
496,风干的香蕉,保密,1,,,,0,18
497,瓦达瑞泰,保密,5,,年度大会员,奸商窝,120,19
498,我什么都不知道,保密,5,我来了，我完事了，我走了～,,,6,20
499,boom,保密,5,,,,78,121
500,Kashin,保密,5,,年度大会员,,164,54
501,长门砕月,保密,5,,,,32,21
502,拉菲゛,保密,3,ⓘʕง•ᴥ•ʔงUID:502=͟͟͞͞ʕ•̫͡•ʔʕ•̫͡•ʔʕ•͓͡•ʔ,年度大会员,,39,1423
503,流河,保密,6,,年度大会员,,309,62
504,石头,男,3,,,,7,29
505,我开始孤单,女,2,,,,1,8
506,HX你一户口本,保密,4,,,,17,17
507,放蝴蝶的法师,保密,1,,,,0,19
508,拉克丝克莱因,保密,5,,年度大会员,CO酱,7,229
509,鹤屋,保密,6,(￣_ ￣ ) ,大会员,平家人,277,481
510,地球君,保密,1,,,,0,21
511,453d21c2v3,保密,1,,,,0,17
512,bood,保密,4,,,,0,20
513,冠诚睡不醒,保密,6,,,皮皮居,182,333
514,WC,男,5,,大会员,,35,54
515,好萌的我,保密,4,,,,57,17
516,余文乐,保密,4,,,,3,19
517,头号饭桶,保密,3,,十年大会员,,5,24
518,烟枪老猫,保密,3,,,,69,29
519,走近伪科学,保密,5,,年度大会员,,55,36
520,梵高的夜空没有星,保密,6,,年度大会员,,165,215
521,抽搐美,保密,1,,,,1,41
522,阿姜姜姜姜姜姜姜姜,保密,5,,年度大会员,牛头鬼,484,40
523,满肛红,保密,5,,,,222,46
524,伊吹萃香_,保密,6,,年度大会员,脚凳人,262,70
525,无雨2021bate,男,5,⊙▽⊙,,,96,34
526,萌魂燃烧,保密,1,,,,0,18
527,花菜是一只猫,保密,4,小朋友收起小小烦恼，挂起月亮睡个好觉,年度大会员,刺儿,102,29
528,lunarian,保密,5,,年度大会员,,25,21
529,wind,保密,1,,,,0,130
530,woefulwolf,保密,6,↖(.●ωξ●)↗Eins Zwei Drei.,年度大会员,,60,103
531,哈亚铁股份有限公司,保密,2,,,,1,13
532,RemiliaScarlet,保密,2,,,,0,15
533,ceiss,保密,1,,,,0,14
534,留下表妹立地成佛,保密,6,,年度大会员,,185,27
535,Archi,保密,5,,年度大会员,TTKP,49,32
536,uid_536,保密,2,,,,0,16
537,萌萌偷鸡,保密,1,,,,0,15
538,西国の海妖,保密,4,,,,0,14
539,-哦泥酱-,保密,5,,年度大会员,煤7bo,33,18
540,夜一YaiChi,保密,3,,,,119,4
541,純潔的熊黨,保密,5,经纪人爱跳团（凉念粉红）&Berryz工房,年度大会员,,467,20
542,俺村俺最受,保密,1,,,,0,15
543,萌貓叄味綫,保密,4,,,,21,18
544,wxtry,保密,6,,年度大会员,,86,49
545,源氏,男,4,好耶！禁止好耶！ 有事请私信！评论不一定回！,年度大会员,i抖露,222,683
546,蕾米俩,保密,4,,年度大会员,,6,16
547,忘归然,男,6,,,持股人,279,18
548,DT,男,6,,年度大会员,,61,6718
549,⑨BeamCrystalL,保密,6,,年度大会员,拔奈奈,314,15
550,瞄准没打着,保密,4,test,,,20,78
551,白莲爱格斗,保密,5,你开都不会开，还讲什么性能？,大会员,,85,36
552,尴尬,保密,5,,,沫小狸,90,23
553,麻奥,保密,5,没有飞天小裤裤和天麻还想要钱？！w(ﾟДﾟ)w,,燕窝,106,1162
554,庄恨水,保密,2,,,,9,30
555,文月维夜,保密,5,不要问卖多少钱，问就5.55亿,,,8,57
556,sunny,保密,1,,,,0,15
557,灵魂引渡,保密,1,,,,0,16
558,_83_4_,保密,6,,年度大会员,,16,19
559,你为什么叫李某,保密,4, ,十年大会员,,6,251
560,ミリクマ,男,6,幻士、刀狗、车万、少战、轨迹，以上,年度大会员,棺材铺,262,23
561,星之所在,男,6,,年度大会员,,59,19
562,XMANN,保密,6,,年度大会员,儲备站,1990,29
563,暖,男,3,,,,0,18
564,文太,保密,2,,,,1,16
565,好人卡制贩机,保密,5,我们无处不在,,,98,21
566,献给逝去公主的七重奏,保密,6,什么都没有。。。。。。,年度大会员,老山猪,91,35
567,greedygod,保密,5,不喜大签名，莫好大喜功，勿断章取义，戒好为人师,年度大会员,,57,55
568,小时候,保密,3,QQ：53066,,,0,21
569,别总盯着看嘛，人家只是基佬而已,保密,6,KUMA,年度大会员,契约主,10,313
570,雀圣,保密,6,你的小鲤鱼好活跃啊,年度大会员,宇航兔,350,148
571,便当,保密,5,,,馆员,26,22
572,Chand,保密,6,,年度大会员,,126,18
573,Memo221,保密,5,MIKUFANS,年度大会员,慢鱼饭,186,24
574,红色死神,保密,6,,年度大会员,伯爵,619,20
575,春哥纯爷们,保密,1,,,,0,15
576,传承Lucifer,保密,2,,,,0,61
577,黑眼圈豆豆,保密,5,,,,32,13
578,王绫波,保密,6,tell your world 嘛，反正咱一直都是opera+chrome党,,谐会,24,19
579,一般通过皇珈骑士,男,6,,年度大会员,奶淇琳,68,25
580,夜_风铃の梦,保密,6,每当仰望星空的时候，就会感觉人类的世界不应该这么小,年度大会员,,158,16
581,真的爱鱼で,保密,2,,,,182,20
582,伦,保密,2,,,,0,43
583,弗兰朵露斯卡雷特,保密,1,,,,1,14
584,哇靠怪蜀黍,保密,6,,大会员,水心,153,20
585,觉恋秦心,保密,1,,,,19,16
586,雷音天鼓,保密,2,,,,0,16
587,喧死狼,保密,5,,年度大会员,,476,2073
588,遗忘许久的ID,保密,1,竟然还记得,,,0,17
589,咆哮,男,4,,,又见,73,15
590,蓝蓝路,保密,5,,年度大会员,Lukey,160,111
591,哥只是传说,保密,1,,,,0,14
592,風紀娘,保密,5,,年度大会员,,26,26
593,芥末咖喱味,保密,6,,年度大会员,,156,36
594,wangcrown,保密,5,,年度大会员,,41,16
595,琥珀眼妖梦,保密,5,,,,40,25
596,一条薰子,保密,4,,,,6,15
597,苏菲弹力贴身,保密,3,,,,0,16
598,sdsdsdsd21,保密,5,,年度大会员,,36,23
599,zhqwa,男,5,一天不喝浑身难受,年度大会员,刺儿,201,13
600,慕筱云,保密,3,别再问我了，私人账号不出,,男女男,9,103
601,神の韵律,保密,5,懒人的世界！你们懂的,年度大会员,铁丝,387,18
602,一群城管,保密,4,饭团的野望！！！,,,31,16
603,sakya,保密,5,,年度大会员,,197,22
604,椿韵,保密,6,,年度大会员,,194,27
605,nf622,保密,2,,,,0,14
606,我练功发自真心,保密,1,,,,0,16
607,JackyRabbit,保密,6,,大会员,,230,19
608,晚香玉,女,6,用一点一滴的努力来打动你的心 (ヾ(´･ω･｀) weibo.com/nekohime,,KKZ,28,122156
609,糖女,保密,1,,,,0,16
610,无限剑制,保密,2,,,,0,17
611,命都不要了,男,6,喵喵哒！,年度大会员,,76,187
612,kid1214,保密,5,,,,24,23
613,伪娘（司马）,保密,3,,,,0,15
614,风灵遗失,保密,5,阿婵，天下第一！,,,236,17
615,玉米喵,保密,1,,,,0,17
616,nammm,男,5,,,VGuru,188,15
617,猥皮小熊,保密,3,,,,1,16
618,沙耶の呗,保密,3,,,,2,20
619,bili_619,保密,1,,,,0,17
620,Yi,保密,5,,,,76,17
621,托雷,男,4,,,,37,29
622,魂魄妖夢,保密,5,Time Waits For No One,,,50,42
623,夏亚,保密,6,,年度大会员,黑猫,555,32
624,尼尼尼,男,5,,年度大会员,排骨饭,157,26
625,霸oO黄泉,保密,3,,年度大会员,,29,27
626,rei,男,6,,年度大会员,,133,23
627,龙侯,保密,3,知行合一,,,2,18
628,我带着哀伤的欣喜,男,3,,,,15,22
629,真红の瞳,保密,6,遇火重生 然後過著每天一次 有時兩次 有時很多次的生活,年度大会员,,15,10217
630,grassck,保密,6,不能你叫我写我就写,,,47,23
631,小萧,保密,2,,,,0,16
632,DDL,保密,5,微博@世界上最棒的彼得 http://www.weibo.com/u/2810211547/homewvr=5,,棉花花,58,37
633,aw136,保密,5,***,年度大会员,,37,14
634,新埂结一,保密,4,还活着，号不卖T。T,,,18,19
635,空条仗世文,保密,5,,年度大会员,,1,21
636,能登麻美子,女,5,伪善者,,搞事者,48,28
637,冻干粉,保密,1,,,,0,14
638,作为魔法师我压力很大,保密,2,,,,9,14
639,bearbear,保密,2,,,,0,15
640,废柴,保密,5,人不废柴枉少年,年度大会员,,47,37
641,白鷺姫,保密,3,飘花随风　 散于你的天际 　我的生命　渐渐平息           淡在缤纷的呼吸    所有一切　 都献给你……,,,2,20
642,Saber_,保密,5,,,,10,80
643,受跌死捏,保密,5,,,,48,25
644,hjdtwjj,保密,3,,,,13,19
645,凶兆沙包,男,6,,年度大会员,,96,54
646,STEksDimension,保密,3,,,,1,15
647,星际旅行者Z,男,6,zZ,年度大会员,,67,195
648,NeT′TT,保密,2,,,,8,21
649,CDG,保密,5,,,,43,19
650,shelter,保密,2,账号不售卖,,,12,63
651,鸢月漓,女,6,B站气人UP主,年度大会员,悠悠囚,237,51
652,SIN,保密,5,,,,25,70
653,Pravis_channel,男,6,一旦發現網絡上的情緒是可以偽裝的時候就容易產生抽離感，連架都吵不起來( ･_･)ﾉ⌒●~*  讀不出來ID的話，就直接叫我P叔就可以了……,年度大会员,中单,2000,5592
654,月墨墨墨,保密,6,我如朝露降人间,年度大会员,,358,48
655,vergil,男,6,,年度大会员,,11,91
656,坏蛋,保密,3,汪汪小可,,,7,21
657,姬岚天,保密,5,,年度大会员,,36,14
658,勇気の橘籽,保密,2,,,,0,32
659,艾露阿姬芙,保密,5,机神咆哮！,,財布,73,45
660,lebossling,保密,5,,年度大会员,,12,20
661,不明真相的基友,保密,4,,,,10,16
662,李超,保密,1,,,,0,16
663,ac酱,保密,1,,,,0,16
664,o0小飞侠0o,保密,2,,,,3,17
665,sssss,保密,1,,,,0,17
666,wayne,保密,5,号不卖，谢谢,年度大会员,,489,374
667,万物皆无爱,保密,5,,年度大会员,小峰团,415,36
668,島風改,男,5,,,,113,81
669,Lizeqiangd,男,5,消灭低俗空耳 有空来微博找我: madoka.moe,,,63,516
670,飘,保密,6,我永远喜欢尼娅，还有大家~,十年大会员,,381,72
671,天下,保密,3,q487936,,,2,16
672,Eila·Sanya,保密,6,,年度大会员,,69,21
673,囧宝,保密,5,We're only human,年度大会员,,50,17
674,诗雨デ,保密,1,,,,1,16
675,魅魔,保密,1,,,,0,18
676,宽娱,保密,5,神奈川人,,吃青团,44,25
677,七曜ノ魔法使,男,6,,年度大会员,,72,154
678,沈影月,保密,3,生活要有仪式感,年度大会员,蘑菇♥,248,20
679,天然菜,女,5,,年度大会员,兔砸,277,21
680,缘见难别,保密,5,是个欧皇，以上,年度大会员,,145,105
681,JEO,保密,4,,,,0,14
682,AT立场,男,5,,年度大会员,嫑洗锅,257,26
683,GUNDAM囧囧,男,6,在我眼中只有2种妹子 能合体的和能当做兵器的,,,60,18
684,诹访油库里,保密,6,⑨什么的一口吃掉就可以了,,猫神教,83,36
685,五条,保密,5,没有签名,,,55,14
686,糟糕小叮噹,保密,3,,,,9,17
687,UID_687,保密,3,这是个撒鼻息的货，看到他的作品纯属意外,,,44,35
688,阿尔托莉雅℡,保密,2,,,,0,43
689,homesickness,男,5,,年度大会员,,144,15
690,五月雨,男,6,,年度大会员,伯爵,106,119
691,芙兰雾雨,男,6,,年度大会员,奶淇琳,186,561
692,龙套丁,保密,5,,年度大会员,,63,30
693,赫卡Tia,保密,6,愿你生如繁花，肆意绽放。 工作Hecatiaastar@gmail.com ,年度大会员,白送了,332,129871
694,德莉莎阿波卡莉丝,保密,4,,,,0,18
695,小雨夏秋,保密,2,,,,1,17
696,POLICE萌,保密,6,立个FLAG，不更新就没有女朋友,年度大会员,潮玩客,358,768
697,临江,保密,5,,年度大会员,,4,7
698,KamiManson,保密,5,,年度大会员,青心,133,16
699,空母ヲ級,保密,5,理智  0/130,,財布,57,53
700,胧鳞,保密,5,尾丸波尔卡,年度大会员,,75,2270
701,希尔维亚的老公,保密,1,,,,0,15
702,5528111,保密,5,,,,73,20
703,希尔维亚-但丁,保密,1,,,,0,14
704,阿尔卑斯之星星,保密,6, ,,,22,6213
705,liet,保密,1,,,,0,13
706,叽里咕噜,保密,5,,年度大会员,KP球,202,13
707,为何出现在此,保密,6,,,,128,15
708,指向小狐,保密,6,,,,647,19
709,楓丹白露的雨季,男,5,不可结缘 徒增寂寞,,小鹿包,18,58
710,猫猪,保密,5,,,,69,14
711,鱿鱼不自重,保密,4,,年度大会员,,2,15
712,发给你吉尔,保密,1,,,,0,16
713,曾马虎,保密,4,,,,0,26
714,黒猫はただのNPC,保密,6,,年度大会员,Inui,500,23
715,王储,保密,3,,,,0,14
716,三千,男,3,二不起 二不起,,,1,20
717,东仪白,保密,6,,年度大会员,伯爵,138,41
719,Ink酱,男,6,,年度大会员,光呆,187,30
720,幻化雪风,男,5,有人真诚地付出，请你不要揣测他美好的愿望； 有人坦诚地劝诫，请多想想自身的问题； 施与授同样重要， 只要是真心的相告，请宽容纳之。,,,405,212
721,西林,保密,1,,,,0,17
722,伪劣产品,保密,6,,,伯爵,240,28
723,爱情上甘岭_,保密,1,,,,0,15
724,依莉雅苏菲尔,保密,2,,年度大会员,,2,16
725,耻照,保密,3,荣耻照我心,,,1,92
726,白诘草,男,5,(￣ε(#￣)☆╰╮o(￣▽￣///) ,年度大会员,,13,46
727,kot,保密,5,,,,121,19
728,大姨妈,保密,5,亲属称谓，大姨妈特指母亲姐姐。“姨妈”用于称呼母亲的姊妹，对长辈的一种称呼。大姨妈一般特指母亲的大姐。网络上有时候也指女子来月经。,,,54,57
729,青色葵,保密,5,,,,37,16
730,Ringo_hs,保密,4,,年度大会员,,18,20
731,万能的双手,保密,4,,,,2,16
732,嘉然家的猫,男,6,,年度大会员,奶淇琳,27,60
733,売女の憂鬱,保密,2,,,,10,16
734,不知,保密,5,,,,11,20
735,佐藤达广,男,6,,年度大会员,猛男,900,46
736,南蛮,保密,5,我这人打游戏喜欢出蒙古上单，无暗之夜中单，豆沙馅儿打野，下路雪女辅助，链锁轮胎输出,大会员,≧ω≦,68,16
737,十六夜PAD,保密,1,,,,0,13
738,MEImogumogu,保密,6,,年度大会员,,150,160
739,神乐,男,6,,年度大会员,客人们,676,803
740,金主,保密,5,okok,年度大会员,召唤师,156,25
741,OtakuGangsta,保密,3,,,,21,16
742,布洛酷亚,保密,4,不卖号，我们只是一个喜欢二次元的小团队~ 董事@Blokura,,,1,3825
743,秋筱筱,保密,1,,,,0,13
744,重症网瘾老年,保密,5,,,,22,17
745,工口宅,保密,5,,年度大会员,,116,13
746,纸芯,保密,6,Saharie Naturita,,伯爵,16,16
747,隐者,保密,1,明天就LV2,,,1,1022
748,BansheeZH,保密,5,,,,198,31
749,宅,保密,2,,,,0,12
750,安西光义,保密,3,,,,0,15
751,AlfredP,保密,5,,年度大会员,,52,41
752,kinji,保密,3,哔哩哔哩UP主2群：QQ群号：171533858,,,26,15
753,刷屏白滚回avfun,保密,1,,,,0,14
754,塞奇,保密,1,,,,0,14
755,boredleo,保密,1,,,,0,13
756,腹基馒馒,保密,1,,,,0,17
757,淡写青春乀,男,4,,,荔害了,0,2039
758,PAD娘,保密,1,エロゲー＝人生なのに···,,,0,14
759,天仓叶,保密,6,你连指尖都泛出好看的颜色.,,,2,24
760,全方位立体路过,保密,5,,年度大会员,,102,14
761,沐火,保密,5,,,恐步,93,19
762,光之秃头仔,保密,5,吃亏是福，破财免灾,大会员,光呆,376,27
763,很爱很爱你s,保密,1,,,,0,16
764,我爱你很爱你z,保密,1,,,,0,13
765,麦秆软饮,保密,4,,,,6,17
766,Holy-Shit,保密,3,,,,0,12
767,薪炎永恒,男,3,缘分收767号个性装扮,年度大会员,吉祥草,7,18
768,没有此次,保密,5,,,拜亚基,256,108
769,DFLL,保密,1,,,,0,14
770,哇哈哈股份有限公司CEO,保密,4,,,,14,13
771,DaveiH,保密,5,,,,869,18
772,老赵o,男,5,有事联系Q7666666,年度大会员,大母鹅,256,707
773,nns7450,保密,5,今天也要加油,,,49,17
774,萨西利亚,保密,1,,,,1,17
775,被诅咒的软泥怪,保密,6,,年度大会员,,93,181
776,女神永恒pro,保密,4,,大会员,,3,13
777,セルッウス,男,5,,年度大会员,,39,52
778,remilia,保密,3,,,祈愿,11,15
779,片羽,保密,4,,,,67,15
780,酥心汤圆,保密,5,prpr~~~,年度大会员,,294,42
781,你丫没人参了,保密,4,,,,15,14
782,冈山浮浪者,保密,6,人民群众喜欢，你算老几？,年度大会员,粉丝团,370,66
783,艾伦马克,保密,4,记录生活中有意义的片段,年度大会员,土²,46,9918
784,裸奔的男子,保密,2,我是个非常污的腐女,,,34,16
785,妖,保密,2,,,,2,46
786,绵月依姬,保密,1,,,,0,15
787,鬼画符,保密,5,,年度大会员,凛fam,121,17
788,我不叫兔锅,保密,1,,,,1,16
789,Seraphim,女,6,,年度大会员,黎沈雲,241,27
790,哎喲兔子,保密,1,,,,0,16
791,待云封,男,3,,,,9,17
792,Laoism,保密,2,http://about.me/Laoism,,,1,22
793,Min酱,保密,1,,,,0,14
794,海淀黄庄,保密,6,,年度大会员,,20,18
795,Aoi衣铃,男,5,,年度大会员,周报君,46,14
796,レミ喵爷,保密,1,大小姐什么的最讨厌了~！,,,0,18
797,deathmelody,保密,5,,年度大会员,,45,13
798,闲着刷抖音,保密,5,这个人很聪明什么都没有写( ¨̮ ),,,61,33
799,第799位神秘人物,男,5,密码没忘，排面十足,年度大会员,好听,117,61
800,风月永恒,保密,5,,,,299,19
801,神の引欲,保密,4,,,,9,17
802,松花蛋,保密,6,奔四老家伙一个，见证了这个网站的兴起。,年度大会员,,170,17
803,草泥馬的铠甲,保密,2,,,,53,14
804,绵羊不哭,保密,6,,年度大会员,,76,15
805,反对一春一曾,保密,1,,,,0,14
806,大混操,保密,5,,大会员,,333,26
807,霧珠れいむ,保密,6,,年度大会员,三日暦,165,92
808,格林达姆,保密,4,,,,88,14
809,莫莫,保密,3,,,,34,14
810,Grigor,保密,2,,,,0,49
811,五月七日小羽゜,保密,6,请不要关注！谢谢( ｡• 0 •｡｀) 咕咕咕咕咕咕咕咕咕咕咕咕咕咕咕咕咕(๑˙ー˙๑) 最喜欢的是五月七日小羽。后面……没了(；一_,年度大会员,,92,11
812,绿坝子,保密,2,,,,0,16
813,小启,保密,2,,,,1,17
814,白石稔,保密,6,,年度大会员,伯爵,150,25
815,1qazse4c,男,6, ,年度大会员,,118,13
816,藏土緣鑰匙,保密,6,,,海友,24,2
817,MoonDigi,保密,6,,年度大会员,Yasuha,122,51
818,斑鸠沙利昂,保密,5,贵在坚持 EVE@Sarion Ikaruga @斑鸠Sarion,年度大会员,,113,2095
819,鍵山雛,女,6,秘神流し雛,,面包狗,130,70
820,天元之羽,保密,5,,年度大会员,伯爵,122,10
821,Colleen,保密,4,干啥啥什么的最讨厌了!,,,7,130
822,ニコ子,保密,5,,,,151,267
823,布莱特,保密,5,,年度大会员,,260,19
824,跃迁猫,保密,5,快让开，我要放大招了！,,,5,47
825,Alexis玩脱了,保密,6,ここにいるよ！,年度大会员,,86,56
826,爹蘇,保密,1,,,,0,16
827,传说哥♂黃澤義♂,保密,6,,年度大会员,,603,36
828,河蟹大怪物,保密,6,,年度大会员,,267,24
829,kid,保密,1,...,,,0,15
830,Greendam,保密,1,,,,0,16
831,NuMber.H,保密,1,,,,0,17
832,蛋定帝,保密,2,,,,2,19
833,藤了个壶,保密,5,既是A 也是Ω,,,48,35
834,陈天天天天天天天天天,保密,5,,年度大会员,,14,15
835,睡觉的猫,保密,1,,,,0,15
836,D-O-double-G1,保密,6,111,,,196,33
837,亡者之气,保密,6,,年度大会员,三式弹,141,6
838,自粽回路,保密,6,,年度大会员,乙民,336,281
839,第十一区管理员,保密,6,,年度大会员,老菊,589,795
840,弹幕测试员,保密,2,为人，则生之霸气.,,,31,16
841,盥洗室的贤者,保密,5,,,,18,16
842,汐城alice,女,6,,年度大会员,领路人,2,1
843,fontaine,保密,6,从此之后我们就再也没见过up主。,,,21,17757
844,起早,男,4,,,,66,15
845,山猫_Luchs,男,6,,年度大会员,,11,19
846,血色獠牙,保密,6,听话，让我康康（震声）,年度大会员,居合运,267,80
847,林晓卿,保密,2,,,小苒喵,8,2
848,堕落贼天使,保密,6,,,小情鸽,42,164
849,慕月追风,保密,5,,年度大会员,,156,30
850,草薙京,男,5,我的青春已远去……,年度大会员,乐少,45,1738
851,Alifare,保密,6,70%不畅销作家先生+30%不称职作家太太=本体,年度大会员,饭菌,180,28
852,sukera,保密,5,,年度大会员,,41,14
853,saw,保密,5,,,,38,14
854,只有一个纯爷们,保密,5,,年度大会员,,470,16
855,悠纪,保密,6,,年度大会员,英叔,283,30
856,基,保密,1,,,,0,17
857,江风沉醉的晚上,保密,6,,年度大会员,,150,21
858,neucom,保密,5,,,,123,19
859,crbx,保密,5,,,,11,46
860,茉莉,保密,5, ,,,19,2537
861,ylide,保密,3,,,,49,12
862,清浦刹那,保密,5,感觉有人失智了,年度大会员,无口希,287,103
863,加成反應,保密,6,投稿终于变成两位数了(｡･ ω･ )ゞ 牙医，微博@加成反應AdditionReaction ,年度大会员,余烬,175,221
864,趴趴,保密,6,,年度大会员,,10,0
865,hyckenan,保密,4,,,,4,14
866,轻薄的假想,保密,6,蛋疼中,年度大会员,嘉心糖,284,8
867,找啊找啊找基友,保密,1,,,,0,12
868,最爱妹抖长,保密,1,,,,0,13
869,寻找卫生纸,男,5,,,,18,50
870,ThisSlinceIsMine,保密,6,,,,64,35
871,大狼鲸,保密,4,微信QQ同号 81871,年度大会员,汉卿,52,18
872,真的爱鱼,保密,1,,,,1,14
873,3213,保密,2,,,,2,112
874,鸡动站贱,保密,1,,,,0,14
875,Thanatus,保密,1,,,,0,16
876,庚肆,男,6,网络小说写手“庚肆”，微博“庚肆”。专注爽文百年不动摇。人生苦短，摒弃悲伤！且笑且成长。,,团徽,6,14
877,幻葬咲夜,保密,6,,,Luu民,57,137
878,御姐控,保密,5,这个人不懒，但还是什么都没写。,年度大会员,,23,329
879,Infanta,保密,3,没有签名,年度大会员,,7,12
880,何等糟糕,保密,1,天啊，太糟糕嘞,,,1,166
881,虹fate,保密,5,,,小辅警,114,15
882,笨蛋⑨,保密,2,,,,1,13
883,xwlb,保密,5,,,,90,29
884,技术支持,保密,2,,,,4,22
885,基情一浪浪,保密,1,,,,0,13
886,章鱼小周,保密,6,,年度大会员,,155,159
887,WILLEVA,保密,5,此人不值得你关注,年度大会员,,125,141
888,少女下载中,保密,5,官方公然開車的背後究竟有什麼？！,大会员,柴柴,46,93
889,小书毅,保密,5,,年度大会员,二哥哟,17,28
890,可三央,保密,6,,年度大会员,,82,24
891,。。。。。。。。。。,保密,1,,,,0,15
892,ref,保密,3,,,,4,16
893,量产型四次君,保密,5,,年度大会员,,23,26
894,胖虎脱口秀,保密,5,,十年大会员,,61,20
895,片翼の苍蝇,保密,5,,,,8,22
896,大佐,保密,6,杂食动物。微博 @地球防卫大佐mk4,年度大会员,,55,2231
897,黑の眠,保密,1,,,,0,15
898,早川秋,保密,3,,年度大会员,奇人,55,37
899,免检小绵羊,男,6,新语联盟配音社社长，不知名up主，兴趣使然的厨子，也是个射影湿，但是请记住我是配音爱好者。。。。。,,冰棒棒,390,8403
900,BTPlayer,保密,2,,,,0,768
901,字数你妹,保密,2,,,,2,17
902,MyLoli,保密,3,最后的倒计时,,,0,1
903,ramlife,保密,5,,,山新,560,17
904,最终鬼畜蓝猫,保密,1,,,,0,14
905,net,保密,4,,年度大会员,,26,27
906,伊吹,保密,2,,,,0,14
907,魔力_Q,男,6,美食番推荐一下,年度大会员,,29,32
908,白菜のKaito,保密,5,,年度大会员,帕清姬,68,56
909,zz213,保密,5,,,,61,14
910,傲娇钉最萌,保密,4,,,,24,15
911,鬼畜小受,保密,2,,,,0,22
912,萧大光,保密,6,这个肥宅很神秘，什么都没有写～,年度大会员,BOMBER,112,21
913,pixielark,保密,5,,,,13,15
914,北川秋人,保密,3, El Psy Congroo .,年度大会员,,1,9
915,luffytam,保密,5,平凡的AMS特工，持续关注，翻译HOD各类新闻。洛克我们永远等你回来，Legends Never Die!,年度大会员,,46,381
916,Ivy茶么,保密,3,全部成为F！ ,年度大会员,,16,46
917,哈梅尔,男,6,人类只不过是编织名为生命的梦的素材而已！,年度大会员,老菊,193,23
918,暗黑龍騎兵,保密,1,,,,0,15
919,上帝の左手,男,6,盯~~~~~~~~~~~~~~~~~~~~~~,,机翅,11,83
920,苏苏ゆ,保密,5,不到N2不改签名！！！,年度大会员,,43,44
921,麻呱,男,5,不用查我的成分了，关注收藏全公开了，一个深海老水母罢了。,,奶淇琳,36,22
922,糙米熟饭,保密,4,梦境漫无边,,环球眼,103,13
923,菊花帝,保密,1,,,,0,12
924,黄金九,保密,4,东京飘雪有你足矣。,,,0,13
925,911,男,6,靠11年前的投稿混吃等死,,脆鲨,36,7962
926,o正义人o,保密,6,给时光以生命，给岁月以文明,年度大会员,,6,223
927,アビスこん,保密,6,,,D65,148,44
928,NickfuryLai,保密,2,,,,13,0
929,萝莉开神虎,保密,3,,,,0,15
930,edc1433,保密,5,,,香菇,6,16
931,咚咚小偷,保密,2,,,,1,14
932,囧皮,保密,2,,,,1,13
933,鈴,保密,3,,,,1,14
934,老虎大萌,保密,6,,,大母鹅,138,9137
935,湛蓝月光,男,5,╮(╯▽╰)╭,,,12,114
936,猫猫猫猫虫,保密,6,,,,76,15
937,池石镇,男,4,,,,0,2267
938,翼世,保密,1,- -......,,,0,13
939,bili_939,保密,5,,,,64,16
940,kauking,保密,5,,年度大会员,,4,26
941,366のK桑,保密,6,咸鱼主播求个关注,年度大会员,,459,116
942,口鼻姬,保密,4,,,MilkY,27,16
943,财经网,保密,1,,,,0,13
944,终身loli控,保密,6,脑洞很大的模型改造者，4+2爱好者（四履带/足+双联主武器），老二刺猿，肥宅，医生。,,,261,40
945,固定班底基友会,保密,1,,,,0,14
946,shiroikami,保密,5,,,,28,17
947,Chen。,保密,1,,,,1,14
948,柴刀娘木木⑨,保密,4,°˖✧◝(⁰▿⁰)◜✧˖°muQmuQ这里是搬运小号，大号请关注uid9：柴刀娘木木，没有⑨！这个号不常上~~,,,6,2776
949,darkalien,男,3,Radiologist,,,17,16
950,乘风逐月,保密,6,,年度大会员,又见,282,17
951,erRor,保密,1,,,,0,14
952,993,保密,5,,,,53,18
953,银河君,保密,5,,年度大会员,,259,16
954,美丽公主赵美延,保密,4,我是饭了十几年KPOP韩圈的群主，曾经有全中国最大的韩饭群之一。最近由于QQ被腾讯永久封号，所以决定起用B站作为以后社交重点。66也是我的号,,,118,36
955,LunaticKizuna,保密,5,,,,83,25
956,空白君,女,6,,,,102,30
957,大狐狸大狐狸,保密,5,,年度大会员,,2,14
958,despairer,保密,6,这个人懒死了(´・_・｀),年度大会员,,18,15
959,Nazrin,保密,5,,年度大会员,,79,56
960,qq123423,保密,4,,,,23,17
961,双手空空,保密,6,,年度大会员,团徽,169,18
962,kyo,保密,2,,,,1,12
963,马鹿马路,女,5,,,,35,18
964,DEVILMAYCRY,保密,1,,,,0,13
965,f_,保密,5,,,,71,14
966,水树菲特,保密,6,,年度大会员,猫饼,278,15
967,绯盏,保密,4,emm，可能会变成老古董也说不定？,,,14,18
968,格林达姆w,保密,1,我是身价4kw的大小姐!,,,0,14
969,rosicky,保密,4,给自己的时候啊哈哈哈大笑,,,46,19
970,Bili_970,保密,3,,,,9,16
971,醒夜,男,5,若无登九品莲台之意，亦无堕八万地狱之罪。,年度大会员,,78,29
972,sophia,保密,5,,,,19,20
973,射命丸★文,保密,6,世界の片隅で、眠るように生きてます。　　　 日文freegame安装乱码等问题请先看看我的专栏。,年度大会员,,16,15894
974,青空下的约定,保密,5,不喜欢Q娃的提督不是好社畜,年度大会员,,97,34
975,音子,保密,5,,,,26,14
976,蓝猫鸣泣之时,男,5,,年度大会员,粉丝团,9,15
977,哥抽的是寂寞,保密,1,adsfads,,,0,14
978,z101z,保密,5,,年度大会员,,242,19
979,荔枝味的炸弹,女,2,苦大但不仇深,,,3,29
980,冒充芦苇,保密,5,适度中二 有益身心健康,年度大会员,茶漬飯,86,15
981,公安⑨课,保密,1,,,,0,13
982,darksoul,保密,5,XD,,,46,21
983,LFG,保密,2,,,,0,13
984,死鱼,保密,5,我爱你 bilibili,十年大会员,湊阿夸,165,32
985,蕾米莉亚,保密,1,,,,0,56
986,Noby,保密,2,,,,0,14
987,xpz326,保密,5,,年度大会员,,21,32
988,csckof,男,3,长年潜水，想买号的带价m,,,2,11
989,电视VS电脑,保密,6,,年度大会员,带扇人,227,20
990,卖女孩的怪蜀黍,男,5,坚强的活着，诸君勿念,年度大会员,年羹尧,67,685
991,暮色旋,保密,5,少年不知爱憎，一生仅一次心中悸动不已,年度大会员,粉丝团,38,12
992,鬼畜饼,保密,5,这个人很懒，什么都没有留下,,摔跤,48,17
993,SOS団,保密,1,,,,0,12
994,ndkkgkn,保密,3,,,吃青团,0,12
995,sjj,男,6,,年度大会员,快莱人,1037,55
996,玖月紫苑,保密,6,,年度大会员,,701,117
997,峯岸みなみ,保密,2,,,,0,10
998,青少年保护计划,保密,3,,,,1,14
999,Keene_Only,保密,2,不卖了哦，想要收藏,,,0,79
1000,ttys2048,保密,3,mooooooogu!,,,2,3223
1001,ART,保密,6,,年度大会员,,140,14
1002,鸥买咖,保密,2,,大会员,,15,11
1003,花样の年华☆,保密,4,生如夏花之绚烂，死如秋叶之静美,,,16,31
1004,精灵贝壳,保密,2,,,,0,216
1005,古明地球仪,保密,5,ⓘ该账号保护中,年度大会员,,38,25
1006,小山内早智,女,3,正因为喜欢着你...所以无法继续和你在一起,年度大会员,,82,0
1007,AVFUN有限责任公司,保密,5,,年度大会员,新西方,124,15
1008,魔化赤衣尊者,保密,6,主机游戏玩家，手游只玩明日方舟，随缘直播一些热门单机,年度大会员,,244,61
1009,文艺bb,保密,2,OK ,,,49,17
1010,我们的蔬菜不够,男,4,时间毁灭一切~,,,15,101
1011,你给我认真点,保密,1,,,,1,17
1012,低调的拖把,保密,3,,,,15,15
1013,raichi,保密,4,,,,1,17
1014,OB,保密,3,,,,2,15
1015,小瓜,保密,4,,,,21,13
1016,oO小邪Oo,保密,4,,,,27,18
1017,Claudio·T·Lotti,保密,1,.「悲しくて、愛しいの女王様」.,,,1,20
1018,demonjxc,保密,5,,年度大会员,,271,54
1019,落天,保密,1,,,,0,13
1020,xinlifestory,保密,5,,年度大会员,,25,13
1021,想来一炮吗,保密,1,,,,0,13
1022,mage,保密,5,请联系,,,20,116
1023,面麻,保密,2,,,,0,15
1024,lee,保密,5,,年度大会员,,122,37
1025,杰森·四王带俩炸,保密,3,一切都是为了鸭子！,,清楼,5,20
1026,茶茶丸,保密,2,,,,0,18
1027,无竹林,男,6,许多年过去了，少年依然是少年，一点也没有变，时间不会让少年成熟，只会让少年变老。,,,183,686
1028,長門有希,保密,1,,,,0,21
1029,漫游仙境喵莉丝,保密,2,除了注册时间早以外其他咱神喵都不会……好想和人一起玩游戏啊,,,2,189
1030,哎呦,保密,1,,,,0,17
1031,aze,保密,1,,,,0,123
1032,Mr.child,保密,1,,,,0,11
1033,十六夜智代,保密,1,,,,0,12
1034,你全家都是中枪帝,男,5,,,,3,16
1035,贝露丹迪,保密,4,,,,4,16
1036,战乙女,保密,6,我一直是crew啊,年度大会员,顶碗人,106,101
1037,ACFUN大姨妈_,保密,1,,,,0,12
1038,不明真相的围观群众,保密,1,,,,0,13
1039,serinde,保密,5,,年度大会员,,8,13
1040,123,保密,2,,,,0,14
1041,无聊了,保密,6,幸福一直持续只会变平淡，痛苦一直持续却能变坚强！,年度大会员,观察者,4,33
1042,frog,保密,4,,年度大会员,,53,12
1043,odan,保密,6,,年度大会员,喵之光,69,20
1044,kamler,保密,5,,年度大会员,,75,1
1045,破線,保密,4,,,,5,12
1046,jhreyherty,保密,1,,,,0,14
1047,水月清风,保密,1,,,,0,13
1048,cmshihang,保密,5,,年度大会员,,50,13
1049,帕拉甲,保密,5,,年度大会员,,12,29
1050,yashiro,保密,1,,,,0,12
1051,暗黑电子流,保密,4,专注作业国服脚打的fgo,年度大会员,,33,33
1052,这论坛可真基我还是信春哥吧,保密,2,蓝蓝路是邪教.春哥才是真神,,,3,64
1053,sy,保密,2,,,,0,12
1054,AC光光团,保密,1,,,,0,13
1055,OneAlley,保密,4,,,花贝,82,10
1056,大邪神,保密,5,懒癌末期。。在b站潜水多年,年度大会员,召唤师,459,27
1057,乘风破浪的姐姐,女,5,勿扰～,,,3,119
1058,唯登诗树,保密,6,啥也不懂,年度大会员,,224,6072
1059,熊猫,保密,6,,年度大会员,麦芽糖,113,83
1060,雪拉比poi,保密,4,正在跟上这个世界，努力理解这个世界了~ ,年度大会员,,40,17
1061,kiorcll,男,6,,年度大会员,魔爪爪,479,18
1062,蓝蓝路大主教,保密,1,,,,0,14
1063,基情十六射,保密,1,,,,0,15
1064,只萌萝莉,保密,1,,,,0,12
1065,冏.Smith,保密,5,,年度大会员,,80,14
1066,Lanselote,保密,1,,,,0,12
1067,撒谎,保密,3,三分钟热度的玩家,年度大会员,,110,15
1068,星夜Online,保密,5,,年度大会员,枕边月,315,17
1069,我只是想试试可以用多长的昵称,保密,1,,,,0,13
1070,牛顿,保密,3,棺材板烂了,年度大会员,,226,23
1071,激情boy,保密,1,,,,0,11
1072,RoboKon,保密,5,,,,12,13
1073,天海春香,保密,1,,,,0,12
1074,corner,保密,3,如果我脱单了，想必也不会沉迷于动漫吧,,,11,11
1075,phoenixzyc,保密,3,,,,1,11
1076,code,保密,2,,,,202,13
1077,yuu,保密,6,,十年大会员,,2000,40
1078,ATM,保密,4,A岛岛主ATM adnmb.com ,大会员,,0,4500
1079,萝卜_,保密,3,,,,40,14
1080,bili_1080,保密,2,MIkufans,,,11,13
1081,Roger,保密,1,,,,0,11
1082,该名字被占用,保密,3,,,,0,14
1083,SOSG脑残大师,保密,1,,,,0,11
1084,安骏,男,6,辑编性个名签,十年大会员,粉丝团,1933,72
1085,熒紅の雨,保密,2,,,,10,11
1086,minkiki,保密,2,RAP交流群:527523723,,,0,28
1087,xx111,保密,5,,年度大会员,,53,30
1088,尤加莉.诺蕾姬,保密,5,,年度大会员,煎蛋,50,17
1089,Sharuru-,保密,6,,年度大会员,,60,138
1090,內輪鼬太知,保密,4,悪魔でも人间でもない,年度大会员,,1,16
1091,天花板上吊着猫,保密,5,aka 黄浦春马,年度大会员,,26,3949
1092,bili_1092,保密,4,,,,1,44
1093,发福饭团,保密,3,,,,14,10
1094,写写丸,保密,5,,年度大会员,,117,260
1095,KD,保密,2,,,,0,11
1096,千人捏,保密,2,,,,0,12
1097,唾沫屋,保密,1,,,,0,11
1098,GK,男,6,わたくし,年度大会员,LEO酱,25,89
1099,東原亜希,女,5,,,,28,17
1100,夜幕の终焉,保密,4,,,,2,15
1101,蛆帕斯POI,保密,6,说的所有话都是段子，画的所有图都是虚空。,年度大会员,污师,123,52499
1102,Fortune,保密,1,,,,0,12
1103,妖刀,保密,2,,,,0,14
1104,TommyLong,女,5,4位数uid能卖多少钱？欢迎报价,年度大会员,,460,14
1105,大爱三无,保密,6,特别能憋尿,年度大会员,,1329,26
1106,柏菊,保密,5,,年度大会员,渔崽子,159,13
1107,那尼,保密,1,,,,0,11
1108,7s保护协会,女,4,,年度大会员,,31,33
1109,Rudolen,保密,2,,,,0,11
1110,春哥来了,保密,1,,,,0,11
1111,kail,保密,5,这个人又懒有神秘，什么都没写。,年度大会员,嘎嘎香,290,51
1112,Hmily-One,保密,5,,,喜番你,139,11
1113,bili_1113,保密,1,联系QQ148252192,,,0,13
1114,隔壁雍凉,保密,3,远赴人间惊鸿宴，一睹人间盛世颜。,,,0,17
1115,Anyway,保密,5,,年度大会员,,42,13
1116,鹿过,男,5,懒,,,66,46
1117,qqwwaa,保密,5,,,,90,11
1118,Ashes-L,保密,6,emmmm,年度大会员,粉丝团,52,39
1119,iloilo,保密,6,,年度大会员,Q老板,28,12
1120,火灵,保密,5,,年度大会员,,16,13
1121,艾莉西亚,保密,5,,,,8,24
1122,elbe_feng,保密,6,,年度大会员,,580,120
1123,天蓝古鉴,保密,5,,,,54,32
1124,橘栽去,保密,3,,,,53,11
1125,Laevatein,保密,1,,,,0,11
1126,史上最⑨路人甲,保密,2,,,,0,12
1127,注册问题让我好自卑,保密,3,,,,0,11
1128,dsmask,保密,1,,,,0,11
1129,mzswyx,保密,6,,年度大会员,龙黑,23,25
1130,玥玥,保密,5,,年度大会员,水影,106,36
1131,石,保密,2,,,,15,4
1132,天朝文化传播中心,保密,2,,,,3,15
1133,zhucehuiyuan,保密,3,,,,0,12
1134,三个假名,保密,2,,,,0,12
1135,RedSpecial,保密,5,,年度大会员,,22,23
1136,教授,保密,4,,,,5,13
1137,花花_,保密,2,,,,0,12
1138,xmnc,保密,4,,,,38,11
1139,黑暗灵蛇,保密,5,,,,113,16
1140,renkaqn,保密,1,,,,0,11
1141,---,保密,1,,,,0,12
1142,苏怡,保密,5,,年度大会员,,12,9
1143,HelloHusky,男,5,淡定,,,30,12
1144,Coralnight,男,6,,年度大会员,Luu民,397,12
1145,尼巴兔,保密,5,,年度大会员,,293,27
1146,GarRykING,男,6,深渊潜伏者,,,173,14
1147,156741638,保密,2,,,,2,10
1148,霞光散去月光冰凉,保密,5,,,狗雨,120,32
1149,幽异,男,6,你丫看不到我  ⊙.⊙ ,年度大会员,,231,13
1150,ac路人围观团,保密,1,,,,0,11
1151,OVO,保密,5,,,咚C,65,15
1152,神隐龙骑士,保密,3,,,,1,11
1153,clamby,保密,5,互相伤害 互相依赖,年度大会员,,12,11
1154,nuclear.submarine,保密,1,,,,0,198
1155,科長,男,5,年番更新完毕~继续装死ing~,年度大会员,月见兔,6,943
1156,bigbus,保密,1,,,,0,10
1157,怪neko,保密,4,,,,7,10
1158,cjj,保密,1,,,,0,11
1159,米国BOY最讨厌啦,保密,5,,,,99,22
1160,女仆有爱,保密,1,,,,0,10
1161,天天爱看哔哩,保密,2,,,,0,1
1162,夏宝qaq,保密,4,,年度大会员,,14,11
1163,C.C.萌殺の哈,保密,3,,,,51,12
1164,伊藤诚,保密,3,都是世界的错,,考拉,1,153
1165,CQZXB,保密,4,,,,137,13
1166,lycoris,保密,5,,,,29,38
1167,推土机,保密,1,,,,0,9
1168,囧.スミス,保密,5,,,七千二,24,10
1169,wolves,保密,5,,年度大会员,狙饲料,73,11
1170,⑨是八嘎,保密,1,,,,0,10
1171,bili_1171,保密,2,,,,0,9
1172,奔跑的大麻花,男,4,,,总裁,11,3
1173,围棋饼干,保密,5,,年度大会员,財布,99,16
1174,000000,保密,5,,年度大会员,,108,11
1175,daidaizhu,保密,4,,年度大会员,,14,10
1176,PPCC32,男,6,,年度大会员,月隐人,311,11
1177,miku只为你而唱,保密,1,,,,0,8
1178,悲哀,保密,3,人生若只如初见，何事西风悲画扇。,年度大会员,,35,11
1179,绿坝,保密,1,,,,0,9
1180,取个什么名字好呢,保密,1,,,,0,9
1181,信我者-得春哥,保密,1,,,,0,9
1182,常有分分合合,保密,2,,,,2,10
1183,路过的,保密,6,,,薄荷糖,1995,20
1184,女王殿下,保密,1,,,,0,10
1185,setuski,保密,2,,,,1,9
1186,龙血翡翠,保密,5,咔嗒～,,,30,324
1187,身心健全,保密,6,健全的身体，健全的心理，健全的三观，啊！我很健全啊！,年度大会员,研習者,713,93
1188,馬鹿,男,5,当时只道是寻常,年度大会员,,26,23
1189,winwei,保密,5,,,,8,9
1190,夜魑魅,保密,1,,,,0,19
1191,void77777,男,6,,年度大会员,,114,25
1192,华丽丽的湿,保密,5,没有信仰和咸鱼有什么区别！,年度大会员,猫耳,33,10
1193,小白520,保密,1,,,,0,9
1194,左手,保密,3,,,,0,11
1195,28,保密,6,,大会员,虚拟UP,59,0
1196,zizi,保密,4,,,,280,11
1197,傲娇控,保密,1,,,,0,9
1198,Mephisto,保密,2,,,,2,13
1199,昵称,保密,5, (゜-゜)つロ 乾杯~,,,89,38
1200,假CK真OK,男,5,我们所度过的每一个日常，也许就是连续发生的奇迹。,,,7,47
1201,面包,保密,5,,,,89,34
1202,jianjiuss,男,6,,年度大会员,,530,19
1203,骗钱大师,保密,2,,,,0,9
1204,小德,保密,5,三十五岁啦,,,25,12
1205,bobbykiddo,保密,5,,年度大会员,黑猫,155,20
1206,花祭果凛,保密,5,,,,39,13
1207,hamarch,保密,3,搖滾不止,,,44,35
1208,飞鸟真,保密,1,,,,0,10
1209,CoYoFe,女,5,,,,57,15
1210,预感,保密,6,这个人很勤快，但也什么都没写,年度大会员,,153,14
1211,⑨琪露诺⑨,保密,2,不准叫我baka~~~~&gt;0&lt;,,,0,16
1212,雪棉豆沙,保密,5,,年度大会员,,18,18
1213,小乔xca,保密,1,,,,0,10
1214,AIR,保密,1,,,,0,11
1215,南波勇太,保密,4,,,,42,10
1216,幽夜,保密,1,,,,0,10
1217,wsma,保密,5,,,,52,21
1218,77,保密,5,,年度大会员,,105,23
1219,科比,保密,1,,,,0,13
1220,星星儿Koyuki,保密,6,？？？？？？？,年度大会员,黑龙组,50,14
1221,腐行者,保密,5,专业看客，业余挖坟,年度大会员,,100,42
1222,羽鸟白,保密,5,,,,47,41
1223,尘寰,保密,5,,,,67,9
1224,Vampire,保密,1,,,,0,9
1225,红毛馆欢迎你们的到来群号12221664,保密,4,,年度大会员,,6,9
1226,dianbo,保密,5,,,,13,9
1227,蓝色量子,保密,2,,,,0,19
1228,天使の暗,保密,4,,,,24,9
1229,流歌,保密,1,,,,0,9
1230,Apricot,保密,6,,年度大会员,,157,51
1231,ljhmoon,保密,5,,,养猪猪,153,40
1232,没家没爱没欧派,男,5,,年度大会员,,144,15
1233,demen,男,5,算盘快速运算挖矿,,,117,32
1234,趣玩电脑,保密,3,一个定做B站主题电脑的,,,14,47
1235,ミク,保密,1,,,,0,8
1236,隔夜犹抚后庭花,保密,5,,年度大会员,,34,12
1237,蓝猫_,保密,1,,,,0,8
1238,蓝色冰沙沙,保密,5,为什么不能换邮箱！！！！！,大会员,,579,12
1239,西行寺幽幽子,保密,5,,年度大会员,,14,131
1240,草木沉眠之刻,保密,2,,,,0,10
1241,losanfe,保密,5,打工是不可能打工的，又不会掀起破烂，只能烤面筋维持生活这样子,,,117,121
1242,黑の面包,保密,2,,,,5,9
1243,屋檐下的某人,保密,2,,,,0,9
1244,澪酱嫁给我吧,保密,5,哔哩哔哩UP主2群：QQ群号：171533858,年度大会员,,143,9
1245,爱生活爱兜兜,保密,6,离二次元越来越远了,,,52,10
1246,蓝金,保密,5,,年度大会员,,71,12
1247,乌尔奇奥拉,保密,1,,,,0,10
1248,鸳鸯,保密,1,~\(≧▽≦)/~ ,,,0,22
1249,九元兔,保密,2,,,,0,22
1250,快乐阿肥仔,保密,5,,年度大会员,,25,34
1251,手空那个大空,女,6,,年度大会员,,62,30
1252,斑马,保密,6,,,囚人,510,20
1253,叉叉叉小叉,女,6,专业鼓手修习中...打些喜欢的歌记录一下进步～希望大家看了开心，谢谢你们！,年度大会员,,62,16072
1254,霜辰,保密,2,,,,0,275
1255,★★★★☆,保密,3,,,,0,9
1256,天野源五郎,保密,5,,,,114,16
1257,水前寺,保密,6,もはや三次元に希望はない、世界は二次元の救さいを求めて  ,年度大会员,扁烟花,133,86
1258,Edward3392,保密,2,,,,2,3
1259,蓝猫萌,保密,1,,,,0,9
1260,ChiangD,保密,5,,年度大会员,幽夢,49,19
1261,爷爷的我来看看是啥呢,保密,1,,,,0,33
1262,金,保密,5,,年度大会员,,52,21
1263,斩岛雪姬,保密,5,,年度大会员,棍宗,191,11
1264,jiuyaokirara,男,4,,,,103,10
1265,hzz,保密,1,,,,0,9
1266,chichiwing,保密,5,,年度大会员,,33,13
1267,Gurren,保密,2,,,,1,9
1268,古明地觉,女,5,寻妹启事  性别：女  种族：觉  特征：黑色圆顶帽，一只闭着的觉之瞳，面瘫  如有发现，请速与地灵殿联系,年度大会员,,44,452
1269,madas,保密,5,,,,12,9
1270,JoKer,保密,6,,,,85,1
1271,萌の死党,男,5,爷青回,年度大会员,,127,16
1272,Lei,保密,5,,,,53,10
1273,半灵庭师,保密,5,,,,23,11
1274,秋水照镜霜,保密,4,,年度大会员,,125,10
1275,776,保密,3,,,,33,8
1276,云水逍遥,保密,3,,,,0,7
1277,伊楠,男,5,,,,59,10
1278,monkofb,保密,6,,年度大会员,,158,12
1279,ronan0083,保密,1,,,,0,10
1280,mY.HurT,保密,4,,,,12,8
1281,零纨,保密,4,,,,18,9
1282,pifti,保密,5,,年度大会员,笔涂党,115,8
1283,不明真相的群众,保密,1,,,,0,8
1284,lwice,保密,1,,,,0,8
1285,核子可乐,保密,3,,,,0,9
1286,Ringo丶0769,保密,6,,年度大会员,大肉卷,65,13
1287,惨无人道的围观,保密,1,,,,0,7
1288,此名字不良已被屏蔽,保密,1,,,,0,8
1289,螺旋之域,男,5,,,,130,2
1290,骡,保密,6,,年度大会员,Quin,497,21
1291,被虐待的键盘,男,6,,,,57,30
1292,克拉福·罗伦斯,保密,1,,,,0,8
1293,驴霸,保密,1,,,,0,8
1294,杯具,保密,4,,,,24,10
1295,血只电击,保密,1,,,,0,8
1296,绯村,保密,1,,,,0,8
1297,魔月冰霜,保密,5,,年度大会员,,21,9
1298,不需要任何回憶,女,5,潛水ing,,,128,149
1299,kiddly,保密,5,,年度大会员,,81,74
1300,同舟渡海,保密,5,相聚是离别的前奏，离别是重逢的开始。,,同舟,48,38
1301,miosan,保密,1,,,,0,8
1302,給朕滿上,男,5,大声告诉我，我是世界第几帅？,,蕾丝,47,43
1303,周刊少年,保密,4,主播在非常努力的回粉！,,糖球,191,165
1304,巡音LUKA,保密,6,不加班就不会死 为什么不明白!,年度大会员,黎沈雲,148,24
1305,性感少男99,男,5,帅气十足,,,381,12
1306,jareary,保密,5,,,,7,8
1307,inuyasha,保密,6,,年度大会员,,22,2433
1308,DSW,保密,1,,,,0,10
1309,mly,保密,5,,年度大会员,,131,86
1310,朔月怜音,保密,5,,年度大会员,织田军,32,22
1311,小鸟游圭,保密,5,终于把手机绑了，总算是可以投币和发弹幕啦。,,,15,132
1312,某OOOOh,保密,3,,,,12,8
1313,B的元老,保密,5,,,,16,82
1314,虹发伯爵,保密,5,本号uid虽然是一生一世，但我不卖，勿扰，烦！,年度大会员,,57,78
1315,逆行狼,保密,6,,年度大会员,,743,15
1316,随便改个名吧,保密,5,,年度大会员,,18,6
1317,杀比死,保密,1,,,,0,9
1318,白河,保密,1,,,,0,8
1319,ray1066,保密,5,,年度大会员,,23,14
1320,幽恋慕,女,6,做视频是为了推音乐..,年度大会员,煎蛋,55,191
1321,雷,保密,2,,,,65,11
1322,奈何飄雪,保密,1,,,,0,8
1323,王,保密,6,,,財布,405,66
1324,飞天,保密,5,,,,57,8
1325,北京周易斋,保密,3,程序员也喜欢历史文化！需要古币+vx：zhouyizhai010,年度大会员,,73,48
1326,蛋蛋君,保密,2,,,,0,8
1327,清河郡王,保密,6,听说把个人资料设成仇家的，然后就可以尽情喷人了？,,团徽,198,144
1328,暴君,保密,6,生死来去 蓬头傀儡 一线断时 落落磊磊,大会员,吉考斯,246,50
1329,番茄爱豆腐,保密,6,当你下坡的时候，总得有人出来踩一脚油门,,,336,57
1330,月野うさぎ,保密,5,,年度大会员,,94,462
1331,系色学,保密,6,,,,45,10
1332,qx,保密,5,集气瓶,,Milu喵,183,1369
1333,猥琐,保密,1,,,,0,10
1334,无奈的小乖,保密,6,,,,45,22
1335,501506,保密,2,,,,0,8
1336,人人有槽吐,保密,4,,,,26,8
1337,海蟹,保密,4,,,,34,10
1338,阿Kom,保密,5,,,,69,11
1339,csbloveG,保密,5,,,,39,12
1340,口桀口桀,保密,6,,年度大会员,,192,29
1341,Leon,保密,6,,年度大会员,,523,32
1342,pt24,保密,3,,,,1,8
1343,独裁少女,保密,3,,,,2,9
1344,成都浪子张铁柱,保密,5,,,,74,9
1345,红毛馆----哥基特,保密,1,,,,0,8
1346,香草.喵,保密,6,温铁军：中国资产阶级革命与法国大革命。B搜,,幻士,169,48
1347,PaperPig,保密,6,,年度大会员,Luu民,65,26
1348,西方良目仙人掌,男,6,,年度大会员,,256,16561
1349,007,保密,4,,年度大会员,,13,22
1350,163moc,保密,1,,,,0,9
1351,沙耶の唄,保密,1,,,,0,8
1352,杯具里的人参,保密,1,,,,0,13
1353,魔都城管,保密,4,,,,14,8
1354,赫萝,保密,1,,,,0,35
1355,境界の星辰,保密,6,,年度大会员,抿咖妃,139,14
1356,林先毅,保密,5,Gooooooooooooo,年度大会员,二仙乔,85,15
1357,阿春,保密,6,,年度大会员,,124,47
1358,猫,男,5,,年度大会员,,1,134
1359,不明真相的围观群众哦,保密,6,节操掉尽人清爽！,年度大会员,召唤师,114,26
1360,seavten,保密,4,,,,5,9
1361,wuling,保密,1,,,,0,8
1362,whying,保密,5,,,SEAL,133,8
1363,芙兰朵露·斯卡雷特,女,2,,,,0,22
1364,ghjgjhgjh,保密,1,,,,0,14
1365,Alutos,保密,3,,,,1,8
1366,貓梨薰,保密,5,,年度大会员,伯爵,55,22
1367,AC娘又大姨妈了,保密,4,,,,8,9
1368,弹幕员,保密,4,哔哩哔哩 (゜-゜)つロ 干杯,年度大会员,,99,1
1369,玛露尔可,保密,3,玛露尔可是男孩子哦～      偶尔会抽抽奖，一定要关注我哦(ง •_•)ง,,诺艾尔,32,987
1370,伊太利亚,男,5,默默的关注,年度大会员,,134,13
1371,最爱Miku,保密,4,,年度大会员,,6,8
1372,是寂寞,保密,1,,,,0,8
1373,懒人一头,保密,5,,,,61,10
1374,Tony,保密,6,每天都会直播学习，走过路过别忘关注,年度大会员,金编,65,264
1375,kkkkkkkkoma,保密,5,,年度大会员,,34,8
1376,XIN魂魄妖梦,保密,5,,,,72,11
1377,轩辕,保密,3,且将新火试新茶，诗酒趁年华。,年度大会员,,13,9
1378,回老家的大叔,保密,1,,,,0,10
1379,小柯,保密,3,,,,11,10
1380,蕾米莉亚_,保密,2,像这种级别的ID。。。竟然是个普通会员。。。空间里面啥也木有。。我真惭愧呜呜,,,2,9
1381,1111111111,保密,1,,,,0,8
1382,麦格星,保密,5,把抽奖的时间拿去学习，你早就上王者了.──24小时直播中国通史,年度大会员,脚气,183,2617
1383,神碳,保密,3,不必等待炬火,,,42,11
1384,观光九课,男,5,,年度大会员,,1993,28
1385,琪露诺_3,保密,1,,,,0,9
1386,夕阳监视者,女,5,,年度大会员,城管,77,9
1387,式旌胤胄,男,5,「天生英物，必有神司之。」 ,,,115,4101
1388,youyou,保密,5,,,,33,9
1389,Sgt.suzumiyakilo,保密,6,,,,131,10
1390,工口猫,男,6,,年度大会员,,154,19
1391,哥取的不是昵称，是寂寞。。。,保密,1,,,,0,9
1392,莲悉后生,男,6,~Cymatics~考槃，道隐无名。,,达人王,54,22
1393,home,保密,1,,,,0,9
1394,***_________,保密,1,,,,0,52
1395,迷失の熊猫,保密,6,我愿意在迷失的竹林里，等待你发现我的消息！,,,193,197
1396,红色的小彗星,保密,6,,,佬肠粉,315,24
1398,灵源道长Official,保密,4,B站首位道士up主，茅山上清派第80代弟子。中国道教网络平台创始人。修真贴吧吧主。水友群：657627696,年度大会员,铭玉,101,7436
1399,图料,保密,5,,年度大会员,,113,168
1400,16,保密,1,,,,0,8
1401,路过的兔锅,男,5,不卖号谢谢,年度大会员,,54,12
1402,拉克丝库莱茵,保密,1,,,,0,9
1403,掌中灼眼の咲夜,男,5,,年度大会员,y小呆,145,19
1404,特仑苏,保密,1,,,,0,8
1405,十个,男,3,个人小号，不太常用,,,11,12
1406,嘸,保密,2,,,,2,9
1407,書書妖,保密,5,,,,120,10
1408,LitmusBlue,保密,4,人太难,,,0,11
1409,哦谢特,保密,6,,,,69,13
1410,玲之晓月,保密,1,,,,2,9
1411,jhfdlkjd,保密,5,,,太太,0,17
1412,蛇蛇,保密,4,,,,3,11
1413,你这又是何苦呢,保密,5,前路永夜，我即微光。,年度大会员,,69,38
1414,龙头滑丝,保密,4,这个人很低调，什么都没有写(´・_・｀),年度大会员,召唤师,0,9
1415,ガヴリ一ル,保密,4,UID:1415,年度大会员,辣辣军,344,33
1416,amberpan,保密,5,,,,154,24
1417,DDF,保密,6,,年度大会员,粉丝团,424,225929
1418,爱丽丝,女,4,,,,44,19
1419,红色福音,保密,5,,,希友,31,15
1420,sevenforks,保密,6,,年度大会员,LKs,334,13
1421,李玄Light,男,5,一个摄影爱好者的呐喊：再来一张好吗~~~求你啦！,年度大会员,,44,51
1422,ZYH,男,6,生活忙啦～红白机表示主人调教的次数越来越少了……,年度大会员,,126,1586
1423,伪宅,保密,3,你看到不是签名...也不是寂寞...一堆字而已...,,,15,9
1424,莉希安萨斯,保密,6,,年度大会员,剧毒,222,14
1425,雪笑尘,保密,4,,年度大会员,幼儿源,30,157
1426,阿库拉,保密,5,,,,96,23
1427,烧烤店,保密,5,,年度大会员,煎蛋,27,13
1428,lc0329,保密,2,,,,0,8
1429,祀夜·,保密,5,Имя твоё неизвестно  подвиг твой бессмертен.,年度大会员,,62,10
1430,bili_1430,保密,5,,大会员,,12,8
1431,僵尸发火,保密,3,,,,0,10
1432,evildoor,保密,5,,,,353,12
1433,丸子殿,保密,6,,年度大会员,小玖窝,121,26
1434,小真,保密,6,全力全開、手加減なし,年度大会员,滚滚,29,19
1435,CH,保密,5,佛系玩家，只看不刷,年度大会员,,74,27
1436,狂魔の魂,保密,1,,,,0,8
1437,在黑魔纹的深渊中起舞,保密,6,,,光呆,41,31
1438,ggg,保密,3,,,,0,8
1439,疾风之龙,男,6,善待老年人，人人有责,年度大会员,,115,7583
1440,十六夜を司る,保密,2,,,,3,8
1441,伽楼寻纮戏须臾,保密,6,,年度大会员,,87,1219
1442,破站老年用户,男,5,,年度大会员,,79,39
1443,奇妙的大白兔子,保密,5,,年度大会员,怒苍山,277,488
1444,大森霧要吃人,保密,5,随缘出现,年度大会员,卡猪那,127,24
1445,鬼畜姬,男,5,,,,37,43
1446,sora,男,5,,年度大会员,绘星,86,15
1447,秋之HOTARU,保密,1,,,,0,8
1448,欢乐君,保密,1,,,,0,9
1449,阿赖,保密,6,,年度大会员,养兔员,155,11
1450,hulala,男,6,,年度大会员,,80,24
1451,patchouli,保密,5,,,NO民,79,10
1452,元酱和瓜酱,男,5,,年度大会员,,388,32
1453,BUS,男,5,,,,6,23
1454,chobitsqq,保密,6,,年度大会员,,134,334
1455,Reimu,保密,1,,,,0,8
1456,orcher1945,保密,6,,年度大会员,观察者,145,94
1457,PoPo,保密,4,,,,0,11
1458,綾崎かえで,女,6,老废物乐园永久vip｜梅洛尼性恋｜最近兰历上头｜上官帅x毛小蒙赛高｜废萌爱好者,大会员,,139,206
1459,RK,保密,1,,,,0,9
1460,西瓜萃香,保密,2,,,,0,8
1461,m4a1,保密,6,,年度大会员,,340,14
1462,MIKU穿了一星期的内裤,保密,1,,,,0,8
1463,废狗一条,保密,5,,大会员,,111,9
1464,6948326,保密,6,,年度大会员,,223,13
1465,Nortrom,保密,2,八紘一宇:天下大同 世界一家,,,1,80
1466,隐光_,保密,6,Don't Panic.,年度大会员,悠yo球,568,142
1467,@i,保密,5,重度懒癌,,,35,274
1468,clock,保密,1,,,,0,8
1469,坂坂君,保密,5,,,,77,12
1470,曾轶可,保密,3,,,,6,10
1471,YoRHa_No9_Type_S,保密,2,,,,1,10
1472,军曹,保密,4,,,,12,10
1473,李毅,保密,5,天亮了,,,70,54
1474,真2B无双,保密,2,,,,0,8
1475,bili_1475,保密,2,不知道写些什么好&gt;_&lt;  嘛，就这样好了+_+,,,1,11
1476,疼了个蛋,保密,2,,,,0,10
1477,姽婳,保密,6,,十年大会员,C酱,79,68
1478,奶油炸牡蛎,保密,5,精神赫国人,年度大会员,塞巴斯,101,11
1479,紅不起,保密,5,,年度大会员,走了呀,23,26
1480,rindycain,保密,6,,年度大会员,蒲鱼,65,9
1481,黑山老妖,保密,5,,年度大会员,,101,10
1482,迷いのMC,保密,4,第一次就成功成为了正式会员 喔哈哈哈哈,,冰棒棒,21,10
1483,***__________,保密,3,,,,4,9
1484,johnson_rain,保密,5,,年度大会员,,24,9
1485,HAKUNAMATATA,保密,5,,年度大会员,,75,13
1486,凉宫春日,女,5,搞什么啊！为什么只是普通会员而已！,,,32,379
1487,11011,保密,1,,,,0,10
1488,夏亚の面具,保密,5,,年度大会员,,165,16
1489,德州幕府卫士,保密,6,The Guardian of Texus State Bakufu,年度大会员,,128,452
1490,高速强袭型小圆脸,保密,5,,年度大会员,抖M,365,26
1491,绘陌,男,4,嘎呜~,,粉丝团,0,3214
1492,Q-kun,保密,6,业务QQ：263116928 zeedog.taobao.com,年度大会员,,73,486263
1493,sasaki,保密,1,,,,0,9
1494,wsxxdsys,保密,5,,,,15,8
1495,vickychan,保密,1,,,,0,9
1496,沙耶的布丁,保密,4,,,,7,9
1497,harlaown,保密,6, _(:з」∠)_I m stupid！,年度大会员,借書卡,194,15
1498,小猪,保密,5,,年度大会员,,97,25
1499,Moon月白,保密,6,蓦然回首，楼依旧，人已老。,年度大会员,乙民,315,241
1500,江上颜渊,保密,4,Dull,,观察者,4,402
